Temp,T_Tc,c,chi,relative_c,relative_chi,mf_T/T_C,mf_c,mf_chi
0.00226919,0.001,0,0,0,0,3.00E-03,0,0
0.024961,0.011,0,0,0,0,5.00E-03,0,0
0.0476529,0.021,0,0,0,0,7.00E-03,0,0
0.0703447,0.031,0,0,0,0,9.00E-03,0,0
0.0930366,0.041,0,0,0,0,1.10E-02,0,0
0.115728,0.051,0,0,0,0,1.30E-02,0,0
0.13842,0.061,0,0,0,0,1.50E-02,0,0
0.161112,0.071,0,0,0,0,1.70E-02,0,0
0.183804,0.081,0,0,0,0,1.90E-02,0,0
0.206496,0.091,0,0,0,0,2.10E-02,0,0
0.229188,0.101,0,0,0,0,2.30E-02,0,0
0.25188,0.111,0,0,0,0,2.50E-02,0,0
0.274571,0.121,0,0,0,0,2.70E-02,0,0
0.297263,0.131,0,0,0,0,2.90E-02,0,0
0.319955,0.141,0,0,0,0,3.10E-02,0,0
0.342647,0.151,0,0,0,0,3.30E-02,0,0
0.365339,0.161,0,0,0,0,3.50E-02,0,0
0.388031,0.171,0,0,0,0,3.70E-02,0,0
0.410723,0.181,0,0,0,0,3.90E-02,0,0
0.433414,0.191,0,0,0,0,4.10E-02,0,0
0.456106,0.201,0,0,0,0,4.30E-02,0,0
0.478798,0.211,0,0,0,0,4.50E-02,0,0
0.50149,0.221,0,0,0,0,4.70E-02,0,0
0.524182,0.231,0,0,0,0,4.90E-02,0,0
0.546874,0.241,0,0,0,0,5.10E-02,0,0
0.569566,0.251,0,0,0,0,5.30E-02,0,0
0.592257,0.261,0,0,0,0,5.50E-02,0,0
0.614949,0.271,0,0,0,0,5.70E-02,0,0
0.637641,0.281,0,0,0,0,5.90E-02,0,0
0.660333,0.291,0,0,0,0,6.10E-02,0,0
0.683025,0.301,0,0,0,0,6.30E-02,0,0
0.705717,0.311,0.00444653,0.000196124,0.004423528,0.000272568,6.50E-02,0,0
0.728408,0.321,0,0,0,0,6.70E-02,0,0
0.7511,0.331,0.00790536,0.000371107,0.007864465,0.000515754,6.90E-02,0,0
0.773792,0.341,0.00128422,6.21E-05,0.001277577,8.63E-05,7.10E-02,0,0
0.796484,0.351,0,0,0,0,7.30E-02,0,0
0.819176,0.361,0.00788358,0.000403628,0.007842797,0.000560951,7.50E-02,0,0
0.841868,0.371,0.00668317,0.000351647,0.006648597,0.000488709,7.70E-02,0,0
0.86456,0.381,0.00386801,0.000209008,0.003848,0.000290474,7.90E-02,0,0
0.887251,0.391,0.0116139,0.000727985,0.01155382,0.001011734,8.10E-02,0,0
0.909943,0.401,0.0114041,0.000648565,0.011345105,0.000901358,8.30E-02,1.62E-09,1.45E-11
0.932635,0.411,0.0315421,0.00203645,0.03137893,0.002830203,8.50E-02,1.58E-09,1.42E-11
0.955327,0.421,0.0140534,0.0008391,0.0139807,0.001166158,8.70E-02,3.09E-09,2.77E-11
0.978019,0.431,0.0119216,0.00079801,0.011859928,0.001109053,8.90E-02,4.54E-09,4.07E-11
1.00071,0.441,0.0199102,0.00130434,0.019807203,0.001812736,9.10E-02,8.87E-09,7.96E-11
1.0234,0.451,0.0528896,0.00387885,0.052615997,0.00539072,9.30E-02,1.30E-08,1.17E-10
1.04609,0.461,0.0228155,0.00153442,0.022697473,0.002132495,9.50E-02,1.98E-08,1.78E-10
1.06879,0.471,0.0314695,0.00217453,0.031306705,0.003022103,9.70E-02,3.05E-08,2.74E-10
1.09148,0.481,0.0225454,0.00161856,0.02242877,0.002249431,9.90E-02,4.60E-08,4.14E-10
1.11417,0.491,0.0383236,0.00400282,0.038125348,0.005563011,1.01E-01,6.65E-08,5.97E-10
1.13686,0.501,0.0494099,0.00362871,0.049154298,0.005043083,1.03E-01,9.64E-08,8.69E-10
1.15955,0.511,0.0312306,0.00236406,0.031069041,0.003285507,1.05E-01,1.37E-07,1.23E-09
1.18225,0.521,0.0711498,0.00599996,0.070781735,0.008338582,1.07E-01,1.92E-07,1.73E-09
1.20494,0.531,0.0583901,0.00496962,0.058088042,0.006906643,1.09E-01,2.65E-07,2.38E-09
1.22763,0.541,0.0440215,0.00404001,0.043793772,0.005614697,1.11E-01,3.63E-07,3.25E-09
1.25032,0.551,0.0790969,0.0067449,0.078687724,0.009373879,1.13E-01,4.90E-07,4.40E-09
1.27301,0.561,0.0754908,0.00672887,0.075100279,0.009351602,1.15E-01,6.55E-07,5.88E-09
1.2957,0.571,0.0706027,0.00673565,0.070237465,0.009361023,1.17E-01,8.67E-07,7.78E-09
1.3184,0.581,0.0975497,0.0102985,0.097045066,0.014312577,1.19E-01,1.14E-06,1.02E-08
1.34109,0.591,0.139151,0.0128119,0.138431158,0.017805632,1.21E-01,1.47E-06,1.32E-08
1.36378,0.601,0.0999423,0.0108565,0.099425288,0.015088069,1.23E-01,1.89E-06,1.70E-08
1.38647,0.611,0.126746,0.0126129,0.12609033,0.017529068,1.25E-01,2.42E-06,2.17E-08
1.40916,0.621,0.134143,0.0183958,0.133449065,0.025565985,1.27E-01,3.06E-06,2.75E-08
1.43186,0.631,0.142471,0.0160918,0.141733983,0.022363948,1.29E-01,3.86E-06,3.46E-08
1.45455,0.641,0.143828,0.0206501,0.143083963,0.028698951,1.31E-01,4.80E-06,4.31E-08
1.47724,0.651,0.185966,0.0286937,0.185003979,0.039877728,1.33E-01,5.95E-06,5.34E-08
1.49993,0.661,0.161454,0.0213633,0.160618782,0.029690136,1.35E-01,7.32E-06,6.58E-08
1.52262,0.671,0.193821,0.0291843,0.192818345,0.04055955,1.37E-01,8.97E-06,8.02E-08
1.54532,0.681,0.275439,0.0432568,0.274014127,0.06011713,1.39E-01,1.09E-05,9.77E-08
1.56801,0.691,0.171361,0.0307818,0.170474532,0.042779712,1.41E-01,1.32E-05,1.18E-07
1.5907,0.701,0.290013,0.0464965,0.288512734,0.064619577,1.43E-01,1.59E-05,1.42E-07
1.61339,0.711,0.265709,0.0409968,0.264334461,0.056976243,1.45E-01,1.89E-05,1.70E-07
1.63608,0.721,0.283531,0.051803,0.282064266,0.071994407,1.47E-01,2.25E-05,2.03E-07
1.65877,0.731,0.466883,0.0922778,0.464467768,0.128245189,1.49E-01,2.67E-05,2.40E-07
1.68147,0.741,0.272145,0.0447251,0.270737167,0.062157734,1.51E-01,3.15E-05,2.83E-07
1.70416,0.751,0.359418,0.0629586,0.357558695,0.087498158,1.53E-01,3.70E-05,3.32E-07
1.72685,0.761,0.398115,0.0753428,0.396055511,0.104709385,1.55E-01,4.33E-05,3.88E-07
1.74954,0.771,0.308413,0.117882,0.306817549,0.163829214,1.57E-01,5.04E-05,4.51E-07
1.77223,0.781,0.351934,0.066531,0.35011341,0.092462983,1.59E-01,5.81E-05,5.23E-07
1.79493,0.791,0.560887,0.181247,0.557985476,0.251892176,1.61E-01,6.72E-05,6.03E-07
1.81762,0.801,0.302046,0.0805616,0.300483486,0.111962332,1.63E-01,7.73E-05,6.94E-07
1.84031,0.811,0.350695,0.120787,0.34888082,0.167866505,1.65E-01,8.87E-05,7.96E-07
1.863,0.821,0.541216,0.141873,0.538416236,0.197171256,1.67E-01,0.000101456,9.11E-07
1.88569,0.831,0.322805,0.0976576,0.321135097,0.13572189,1.69E-01,0.00011523,1.04E-06
1.90838,0.841,0.538723,0.237957,0.535936132,0.330706199,1.71E-01,0.00013102,1.18E-06
1.93108,0.851,0.981273,0.955907,0.976196777,0.330706199,1.73E-01,0.000148153,1.33E-06
1.95377,0.861,0.556904,0.280803,0.55402308,0.39025241,1.75E-01,0.000167302,1.50E-06
1.97646,0.871,0.626164,0.216284,0.622924791,0.30058565,1.77E-01,0.000188131,1.69E-06
1.99915,0.881,0.876314,0.380545,0.87178074,0.528871144,1.79E-01,0.000210975,1.89E-06
2.02184,0.891,0.677795,0.188852,0.674288699,0.262461399,1.81E-01,0.000236172,2.12E-06
2.04454,0.901,0.552741,0.234499,0.549881616,0.325900364,1.83E-01,0.000263383,2.36E-06
2.06723,0.911,0.988827,0.255986,0.983711699,0.355762416,1.85E-01,0.000293283,2.64E-06
2.08992,0.921,0.529846,0.305623,0.527105054,0.424746575,1.87E-01,0.00032587,2.93E-06
2.11261,0.931,0.660779,0.59928,0.657360724,0.832863127,1.89E-01,0.000359464,3.24E-06
2.1353,0.941,0.702031,0.383254,0.698399324,0.532636037,1.91E-01,0.000399778,3.58E-06
2.158,0.951,0.874954,0.603259,0.870427776,0.838393033,1.93E-01,0.000440092,3.96E-06
2.18069,0.961,0.638902,0.697256,0.635596896,0.96902752,1.95E-01,0.000483765,4.36E-06
2.20338,0.971,1.0052,0.719542,1,1,1.97E-01,0.000534158,4.78E-06
2.22607,0.981,0.890889,0.672906,0.886280342,0.935186549,1.99E-01,0.00058455,5.24E-06
2.24876,0.991,0.588977,0.35448,0.585930163,0.492646712,2.01E-01,0.000638301,5.74E-06
,,,,,,2.03E-01,0.000698772,6.27E-06
,,,,,,2.05E-01,0.000762602,6.82E-06
,,,,,,2.07E-01,0.000829792,7.42E-06
,,,,,,2.09E-01,0.000900341,8.08E-06
,,,,,,2.11E-01,0.000977609,8.75E-06
,,,,,,2.13E-01,0.001058237,9.47E-06
,,,,,,2.15E-01,0.001142224,1.03E-05
,,,,,,2.17E-01,0.00123293,1.11E-05
,,,,,,2.19E-01,0.001330355,1.19E-05
,,,,,,2.21E-01,0.001434499,1.28E-05
,,,,,,2.23E-01,0.001542002,1.38E-05
,,,,,,2.25E-01,0.001652865,1.48E-05
,,,,,,2.27E-01,0.001773806,1.59E-05
,,,,,,2.29E-01,0.001898107,1.71E-05
,,,,,,2.31E-01,0.002032486,1.83E-05
,,,,,,2.33E-01,0.002170225,1.95E-05
,,,,,,2.35E-01,0.002314683,2.08E-05
,,,,,,2.37E-01,0.002469219,2.22E-05
,,,,,,2.39E-01,0.002627114,2.36E-05
,,,,,,2.41E-01,0.002795088,2.51E-05
,,,,,,2.43E-01,0.002966422,2.67E-05
,,,,,,2.45E-01,0.003151193,2.83E-05
,,,,,,2.47E-01,0.003339324,3.00E-05
,,,,,,2.49E-01,0.003527455,3.18E-05
,,,,,,2.51E-01,0.003729024,3.37E-05
,,,,,,2.53E-01,0.003964188,3.56E-05
,,,,,,2.55E-01,0.004165757,3.76E-05
,,,,,,2.57E-01,0.00440092,3.96E-05
,,,,,,2.59E-01,0.004636084,4.18E-05
,,,,,,2.61E-01,0.004904843,4.40E-05
,,,,,,2.63E-01,0.005140006,4.64E-05
,,,,,,2.65E-01,0.005408765,4.87E-05
,,,,,,2.67E-01,0.005711118,5.13E-05
,,,,,,2.69E-01,0.005979877,5.38E-05
,,,,,,2.71E-01,0.00628223,5.65E-05
,,,,,,2.73E-01,0.006584583,5.92E-05
,,,,,,2.75E-01,0.006886937,6.21E-05
,,,,,,2.77E-01,0.007222885,6.52E-05
,,,,,,2.79E-01,0.007558833,6.82E-05
,,,,,,2.81E-01,0.007894781,7.12E-05
,,,,,,2.83E-01,0.008264324,7.42E-05
,,,,,,2.85E-01,0.008633867,7.78E-05
,,,,,,2.87E-01,0.00900341,8.08E-05
,,,,,,2.89E-01,0.009372953,8.45E-05
,,,,,,2.91E-01,0.009776091,8.81E-05
,,,,,,2.93E-01,0.010179228,9.17E-05
,,,,,,2.95E-01,0.010615961,9.59E-05
,,,,,,2.97E-01,0.011052693,9.95E-05
,,,,,,2.99E-01,0.011489426,0.00010376
,,,,,,3.01E-01,0.011926159,0.000107983
,,,,,,3.03E-01,0.012396486,0.000112206
,,,,,,3.05E-01,0.012866813,0.000116428
,,,,,,3.07E-01,0.013370736,0.000120651
,,,,,,3.09E-01,0.013874658,0.000125477
,,,,,,3.11E-01,0.01437858,0.0001297
,,,,,,3.13E-01,0.014916097,0.000134526
,,,,,,3.15E-01,0.015453614,0.000139955
,,,,,,3.17E-01,0.015991131,0.000144782
,,,,,,3.19E-01,0.016562243,0.000149608
,,,,,,3.21E-01,0.017133355,0.000155037
,,,,,,3.23E-01,0.017704466,0.000160466
,,,,,,3.25E-01,0.018309173,0.000165896
,,,,,,3.27E-01,0.01891388,0.000171325
,,,,,,3.29E-01,0.019552181,0.000177357
,,,,,,3.31E-01,0.020190483,0.000182787
,,,,,,3.33E-01,0.020828784,0.000188819
,,,,,,3.35E-01,0.021467085,0.000194852
,,,,,,3.37E-01,0.022172577,0.000200884
,,,,,,3.39E-01,0.022844473,0.00020752
,,,,,,3.41E-01,0.023549964,0.000214156
,,,,,,3.43E-01,0.024255455,0.000220189
,,,,,,3.45E-01,0.024960946,0.000226824
,,,,,,3.47E-01,0.025700032,0.000234063
,,,,,,3.49E-01,0.026472713,0.000240699
,,,,,,3.51E-01,0.027245393,0.000247938
,,,,,,3.53E-01,0.028018074,0.000255177
,,,,,,3.55E-01,0.028790755,0.000262417
,,,,,,3.57E-01,0.02959703,0.000269656
,,,,,,3.59E-01,0.030403306,0.000277498
,,,,,,3.61E-01,0.031243176,0.00028534
,,,,,,3.63E-01,0.032083046,0.000293183
,,,,,,3.65E-01,0.032956512,0.000301025
,,,,,,3.67E-01,0.033821578,0.000309471
,,,,,,3.69E-01,0.034705793,0.000317313
,,,,,,3.71E-01,0.035603783,0.000325758
,,,,,,3.73E-01,0.036514874,0.000334204
,,,,,,3.75E-01,0.037440075,0.000343253
,,,,,,3.77E-01,0.038378714,0.000351698
,,,,,,3.79E-01,0.039330791,0.000360747
,,,,,,3.81E-01,0.040296642,0.000369796
,,,,,,3.83E-01,0.041276267,0.000379448
,,,,,,3.85E-01,0.042269666,0.000388497
,,,,,,3.87E-01,0.043276838,0.000398149
,,,,,,3.89E-01,0.044297784,0.000407801
,,,,,,3.91E-01,0.045332505,0.000417453
,,,,,,3.93E-01,0.046380999,0.000427709
,,,,,,3.95E-01,0.047443603,0.000437361
,,,,,,3.97E-01,0.048519645,0.000448219
,,,,,,3.99E-01,0.049609796,0.000458475
,,,,,,4.01E-01,0.050713722,0.00046873
,,,,,,4.03E-01,0.051831757,0.000479589
,,,,,,4.05E-01,0.052963566,0.000490447
,,,,,,4.07E-01,0.054109485,0.000501306
,,,,,,4.09E-01,0.055269178,0.000512768
,,,,,,4.11E-01,0.056442981,0.00052423
,,,,,,4.13E-01,0.057630558,0.000535692
,,,,,,4.15E-01,0.058832244,0.000547154
,,,,,,4.17E-01,0.060048041,0.000558615
,,,,,,4.19E-01,0.061277947,0.000570681
,,,,,,4.21E-01,0.062521627,0.000582746
,,,,,,4.23E-01,0.063779416,0.000595414
,,,,,,4.25E-01,0.065051316,0.000607696
,,,,,,4.27E-01,0.066337326,0.000620298
,,,,,,4.29E-01,0.067637445,0.000633069
,,,,,,4.31E-01,0.068951338,0.000646003
,,,,,,4.33E-01,0.070279677,0.000659112
,,,,,,4.35E-01,0.07162179,0.000672384
,,,,,,4.37E-01,0.072978348,0.000685824
,,,,,,4.39E-01,0.074348681,0.000699434
,,,,,,4.41E-01,0.075733123,0.000713218
,,,,,,4.43E-01,0.077132011,0.000727177
,,,,,,4.45E-01,0.078544673,0.000741312
,,,,,,4.47E-01,0.07997178,0.000755615
,,,,,,4.49E-01,0.081412662,0.000770099
,,,,,,4.51E-01,0.082867989,0.000784764
,,,,,,4.53E-01,0.084337426,0.00079961
,,,,,,4.55E-01,0.085820637,0.000814631
,,,,,,4.57E-01,0.087318294,0.000829839
,,,,,,4.59E-01,0.088830061,0.000845235
,,,,,,4.61E-01,0.090355937,0.000860811
,,,,,,4.63E-01,0.091896259,0.000876574
,,,,,,4.65E-01,0.093450355,0.000892524
,,,,,,4.67E-01,0.095018561,0.000908667
,,,,,,4.69E-01,0.096601213,0.000925003
,,,,,,4.71E-01,0.098197974,0.000941532
,,,,,,4.73E-01,0.09980851,0.000958255
,,,,,,4.75E-01,0.101433491,0.00097517
,,,,,,4.77E-01,0.103072582,0.00099229
,,,,,,4.79E-01,0.104726118,0.001009604
,,,,,,4.81E-01,0.106393429,0.001027122
,,,,,,4.83E-01,0.108074849,0.001044846
,,,,,,4.85E-01,0.109770715,0.001062775
,,,,,,4.87E-01,0.111480691,0.001080909
,,,,,,4.89E-01,0.113204777,0.001099248
,,,,,,4.91E-01,0.114942637,0.001117804
,,,,,,4.93E-01,0.116694942,0.001136571
,,,,,,4.95E-01,0.118461694,0.00115555
,,,,,,4.97E-01,0.120242219,0.001174745
,,,,,,4.99E-01,0.122036854,0.001194164
,,,,,,5.01E-01,0.123845934,0.0012138
,,,,,,5.03E-01,0.125668789,0.001233659
,,,,,,5.05E-01,0.127506089,0.001253748
,,,,,,5.07E-01,0.129357163,0.001274059
,,,,,,5.09E-01,0.131222683,0.0012946
,,,,,,5.11E-01,0.133102313,0.00131537
,,,,,,5.13E-01,0.134995717,0.001336376
,,,,,,5.15E-01,0.136903566,0.001357622
,,,,,,5.17E-01,0.138825525,0.001379098
,,,,,,5.19E-01,0.140761594,0.001400822
,,,,,,5.21E-01,0.142711773,0.001422792
,,,,,,5.23E-01,0.144675726,0.001445004
,,,,,,5.25E-01,0.146654125,0.001467463
,,,,,,5.27E-01,0.148646633,0.001490176
,,,,,,5.29E-01,0.150653251,0.001513142
,,,,,,5.31E-01,0.152673979,0.001536367
,,,,,,5.33E-01,0.154708481,0.001559846
,,,,,,5.35E-01,0.156757429,0.00158359
,,,,,,5.37E-01,0.15882015,0.0016076
,,,,,,5.39E-01,0.160897317,0.001631881
,,,,,,5.41E-01,0.162988259,0.001656427
,,,,,,5.43E-01,0.16509331,0.001681251
,,,,,,5.45E-01,0.167212806,0.001706353
,,,,,,5.47E-01,0.169346077,0.001731732
,,,,,,5.49E-01,0.171493121,0.001757394
,,,,,,5.51E-01,0.173654612,0.001783347
,,,,,,5.53E-01,0.175830212,0.001809588
,,,,,,5.55E-01,0.178019586,0.001836125
,,,,,,5.57E-01,0.18022307,0.001862958
,,,,,,5.59E-01,0.182440663,0.001890087
,,,,,,5.61E-01,0.184672367,0.001917529
,,,,,,5.63E-01,0.186917844,0.001945273
,,,,,,5.65E-01,0.189177767,0.00197333
,,,,,,5.67E-01,0.191451464,0.002001701
,,,,,,5.69E-01,0.193738935,0.002030392
,,,,,,5.71E-01,0.196040851,0.002059409
,,,,,,5.73E-01,0.198356542,0.002088751
,,,,,,5.75E-01,0.200686342,0.002118425
,,,,,,5.77E-01,0.203030252,0.002148437
,,,,,,5.79E-01,0.205387936,0.002178787
,,,,,,5.81E-01,0.20775973,0.002209481
,,,,,,5.83E-01,0.210145298,0.002240524
,,,,,,5.85E-01,0.212545311,0.002271924
,,,,,,5.87E-01,0.214958762,0.002303679
,,,,,,5.89E-01,0.217386659,0.002335803
,,,,,,5.91E-01,0.219828331,0.002368288
,,,,,,5.93E-01,0.222283775,0.002401147
,,,,,,5.95E-01,0.224753666,0.002434387
,,,,,,5.97E-01,0.227236995,0.002468006
,,,,,,5.99E-01,0.229734769,0.002502018
,,,,,,6.01E-01,0.232246317,0.002536422
,,,,,,6.03E-01,0.234771639,0.002571223
,,,,,,6.05E-01,0.237311071,0.002606436
,,,,,,6.07E-01,0.239864277,0.002642052
,,,,,,6.09E-01,0.242431593,0.00267809
,,,,,,6.11E-01,0.245012682,0.002714545
,,,,,,6.13E-01,0.247607881,0.002751434
,,,,,,6.15E-01,0.250216855,0.002788758
,,,,,,6.17E-01,0.252839938,0.002826522
,,,,,,6.19E-01,0.255476794,0.002864732
,,,,,,6.21E-01,0.258127761,0.002903395
,,,,,,6.23E-01,0.260792502,0.002942522
,,,,,,6.25E-01,0.263471016,0.002982119
,,,,,,6.27E-01,0.266163304,0.003022188
,,,,,,6.29E-01,0.268869703,0.003062739
,,,,,,6.31E-01,0.27159021,0.003103784
,,,,,,6.33E-01,0.274324492,0.003145324
,,,,,,6.35E-01,0.277072548,0.003187371
,,,,,,6.37E-01,0.279834378,0.003229931
,,,,,,6.39E-01,0.282610317,0.00327301
,,,,,,6.41E-01,0.28540003,0.003316619
,,,,,,6.43E-01,0.288203517,0.003360771
,,,,,,6.45E-01,0.291020778,0.003405467
,,,,,,6.47E-01,0.293852149,0.003450717
,,,,,,6.49E-01,0.296697294,0.003496534
,,,,,,6.51E-01,0.299556213,0.003542925
,,,,,,6.53E-01,0.302429241,0.003589894
,,,,,,6.55E-01,0.305315707,0.003637467
,,,,,,6.57E-01,0.308216283,0.003685637
,,,,,,6.59E-01,0.311130633,0.003734422
,,,,,,6.61E-01,0.314058757,0.003783829
,,,,,,6.63E-01,0.317000991,0.003833875
,,,,,,6.65E-01,0.319956663,0.003884561
,,,,,,6.67E-01,0.322926444,0.00393591
,,,,,,6.69E-01,0.325909664,0.003987929
,,,,,,6.71E-01,0.328906993,0.004040623
,,,,,,6.73E-01,0.331918096,0.004094011
,,,,,,6.75E-01,0.334942973,0.004148105
,,,,,,6.77E-01,0.337980616,0.004202917
,,,,,,6.79E-01,0.341034384,0.004258459
,,,,,,6.81E-01,0.344101591,0.004314743
,,,,,,6.83E-01,0.347182235,0.004371787
,,,,,,6.85E-01,0.350276317,0.004429603
,,,,,,6.87E-01,0.353383838,0.004488203
,,,,,,6.89E-01,0.356504796,0.004547606
,,,,,,6.91E-01,0.359639192,0.004607823
,,,,,,6.93E-01,0.362787026,0.004668873
,,,,,,6.95E-01,0.365951657,0.004730773
,,,,,,6.97E-01,0.369126367,0.004793536
,,,,,,6.99E-01,0.372317874,0.004857179
,,,,,,7.01E-01,0.375522819,0.004921715
,,,,,,7.03E-01,0.378737843,0.004987175
,,,,,,7.05E-01,0.381969664,0.005053569
,,,,,,7.07E-01,0.385214923,0.005120911
,,,,,,7.09E-01,0.388476979,0.005189229
,,,,,,7.11E-01,0.391749114,0.005258538
,,,,,,7.13E-01,0.395034687,0.005328859
,,,,,,7.15E-01,0.398333697,0.005400212
,,,,,,7.17E-01,0.401649505,0.005472627
,,,,,,7.19E-01,0.404975392,0.005546116
,,,,,,7.21E-01,0.408318076,0.005620703
,,,,,,7.23E-01,0.411674198,0.005696411
,,,,,,7.25E-01,0.415043757,0.005773272
,,,,,,7.27E-01,0.418426755,0.005851303
,,,,,,7.29E-01,0.42182319,0.005930535
,,,,,,7.31E-01,0.425233064,0.006010985
,,,,,,7.33E-01,0.428656375,0.006092708
,,,,,,7.35E-01,0.432093125,0.006175656
,,,,,,7.37E-01,0.435543312,0.006259991
,,,,,,7.39E-01,0.439010297,0.006345594
,,,,,,7.41E-01,0.44248736,0.006432583
,,,,,,7.43E-01,0.44598122,0.00652102
,,,,,,7.45E-01,0.449485159,0.006610845
,,,,,,7.47E-01,0.453005896,0.006702118
,,,,,,7.49E-01,0.45654007,0.006794959
,,,,,,7.51E-01,0.460087682,0.006889308
,,,,,,7.53E-01,0.463645373,0.006985226
,,,,,,7.55E-01,0.467219861,0.007082712
,,,,,,7.57E-01,0.470807787,0.007181888
,,,,,,7.59E-01,0.474412511,0.007282752
,,,,,,7.61E-01,0.478027313,0.007385366
,,,,,,7.63E-01,0.481655552,0.00748979
,,,,,,7.65E-01,0.48529723,0.007595963
,,,,,,7.67E-01,0.488955705,0.007704067
,,,,,,7.69E-01,0.492624259,0.00781404
,,,,,,7.71E-01,0.49630961,0.007926005
,,,,,,7.73E-01,0.500005039,0.00804002
,,,,,,7.75E-01,0.503717266,0.008156026
,,,,,,7.77E-01,0.507442931,0.008274264
,,,,,,7.79E-01,0.511178674,0.008394614
,,,,,,7.81E-01,0.514931215,0.008517256
,,,,,,7.83E-01,0.518697193,0.00864213
,,,,,,7.85E-01,0.52247661,0.008769478
,,,,,,7.87E-01,0.526269464,0.008899178
,,,,,,7.89E-01,0.530075756,0.009031412
,,,,,,7.91E-01,0.533895487,0.009166239
,,,,,,7.93E-01,0.537728655,0.009303721
,,,,,,7.95E-01,0.54157862,0.009443918
,,,,,,7.97E-01,0.545438664,0.00958695
,,,,,,7.99E-01,0.549312146,0.009732878
,,,,,,8.01E-01,0.553202426,0.009881762
,,,,,,8.03E-01,0.557102783,0.010033722
,,,,,,8.05E-01,0.561019939,0.010188819
,,,,,,8.07E-01,0.564947172,0.010347234
,,,,,,8.09E-01,0.568891203,0.010508967
,,,,,,8.11E-01,0.572848672,0.010674199
,,,,,,8.13E-01,0.57681622,0.010843051
,,,,,,8.15E-01,0.580800564,0.011015522
,,,,,,8.17E-01,0.584798347,0.011191854
,,,,,,8.19E-01,0.588809568,0.011372167
,,,,,,8.21E-01,0.592834226,0.011556522
,,,,,,8.23E-01,0.596872323,0.0117451
,,,,,,8.25E-01,0.600923857,0.011938021
,,,,,,8.27E-01,0.60498883,0.012135467
,,,,,,8.29E-01,0.60906724,0.012337558
,,,,,,8.31E-01,0.613159088,0.012544535
,,,,,,8.33E-01,0.617264374,0.01275652
,,,,,,8.35E-01,0.621383098,0.012973632
,,,,,,8.37E-01,0.62551526,0.013196173
,,,,,,8.39E-01,0.62966422,0.013424264
,,,,,,8.41E-01,0.633823258,0.013658207
,,,,,,8.43E-01,0.637995733,0.013898122
,,,,,,8.45E-01,0.642185007,0.014144251
,,,,,,8.47E-01,0.646384358,0.014396894
,,,,,,8.49E-01,0.650600507,0.014656295
,,,,,,8.51E-01,0.654826735,0.014922753
,,,,,,8.53E-01,0.65906976,0.01519645
,,,,,,8.55E-01,0.663326222,0.015477749
,,,,,,8.57E-01,0.667592764,0.01576701
,,,,,,8.59E-01,0.671876102,0.016064536
,,,,,,8.61E-01,0.676172879,0.016370629
,,,,,,8.63E-01,0.680479734,0.01668577
,,,,,,8.65E-01,0.684803386,0.017010261
,,,,,,8.67E-01,0.689140477,0.017344646
,,,,,,8.69E-01,0.693491005,0.017689226
,,,,,,8.71E-01,0.697854971,0.018044544
,,,,,,8.73E-01,0.702232375,0.018411143
,,,,,,8.75E-01,0.706623217,0.018789506
,,,,,,8.77E-01,0.711024138,0.019180295
,,,,,,8.79E-01,0.715441856,0.019583994
,,,,,,8.81E-01,0.719876371,0.020001387
,,,,,,8.83E-01,0.724320965,0.020433078
,,,,,,8.85E-01,0.728778997,0.020879789
,,,,,,8.87E-01,0.733250466,0.021342487
,,,,,,8.89E-01,0.737735374,0.021821834
,,,,,,8.91E-01,0.742233719,0.022318857
,,,,,,8.93E-01,0.746745502,0.022834581
,,,,,,8.95E-01,0.751274083,0.023369971
,,,,,,8.97E-01,0.755812743,0.023926173
,,,,,,8.99E-01,0.76036484,0.024504576
,,,,,,9.01E-01,0.764930375,0.025106324
,,,,,,9.03E-01,0.769512707,0.025732987
,,,,,,9.05E-01,0.774105118,0.026386132
,,,,,,9.07E-01,0.778710967,0.02706745
,,,,,,9.09E-01,0.783333613,0.02777875
,,,,,,9.11E-01,0.787966338,0.028522082
,,,,,,9.13E-01,0.79261586,0.02929968
,,,,,,9.15E-01,0.797275461,0.030114015
,,,,,,9.17E-01,0.801951859,0.030967563
,,,,,,9.19E-01,0.806638335,0.031863399
,,,,,,9.21E-01,0.811341609,0.03280466
,,,,,,9.23E-01,0.816054961,0.033794965
,,,,,,9.25E-01,0.820785111,0.034838056
,,,,,,9.27E-01,0.825525339,0.035938456
,,,,,,9.29E-01,0.830282364,0.037100931
,,,,,,9.31E-01,0.835052828,0.03833091
,,,,,,9.33E-01,0.83983337,0.039634366
,,,,,,9.35E-01,0.844630709,0.041018176
,,,,,,9.37E-01,0.849441486,0.04248988
,,,,,,9.39E-01,0.854262342,0.044058226
,,,,,,9.41E-01,0.859099995,0.045732987
,,,,,,9.43E-01,0.863951086,0.047525442
,,,,,,9.45E-01,0.868812255,0.049448262
,,,,,,9.47E-01,0.873690222,0.051516406
,,,,,,9.49E-01,0.878581627,0.053746825
,,,,,,9.51E-01,0.88348647,0.056159429
,,,,,,9.53E-01,0.88840475,0.058777501
,,,,,,9.55E-01,0.893333109,0.061628672
,,,,,,9.57E-01,0.898278266,0.064744491
,,,,,,9.59E-01,0.90323686,0.068164954
,,,,,,9.61E-01,0.908208893,0.071936513
,,,,,,9.63E-01,0.913194363,0.076115873
,,,,,,9.65E-01,0.918193271,0.080772409
,,,,,,9.67E-01,0.923202258,0.085994197
,,,,,,9.69E-01,0.928228042,0.091889821
,,,,,,9.71E-01,0.933267264,0.098599239
,,,,,,9.73E-01,0.938319923,0.106302219
,,,,,,9.75E-01,0.943386021,0.115237653
,,,,,,9.77E-01,0.948465557,0.125728281
,,,,,,9.79E-01,0.953558531,0.138216292
,,,,,,9.81E-01,0.958664942,0.1533345
,,,,,,9.83E-01,0.963784792,0.172009507
,,,,,,9.85E-01,0.968918079,0.195665603
,,,,,,9.87E-01,0.974064804,0.22660059
,,,,,,9.89E-01,0.979224968,0.268785102
,,,,,,9.91E-01,0.984398569,0.329718822
,,,,,,9.93E-01,0.989585608,0.425472501
,,,,,,9.95E-01,0.994786085,0.597830087
,,,,,,9.97E-01,1,1
