T/T_C,m,e,c,chi,rel c,rel chi
3.00E-03,1,-2,0,0,0,0
5.00E-03,1,-2,0,0,0,0
7.00E-03,1,-2,0,0,0,0
9.00E-03,1,-2,0,0,0,0
1.10E-02,1,-2,0,0,0,0
1.30E-02,1,-2,0,0,0,0
1.50E-02,1,-2,0,0,0,0
1.70E-02,1,-2,0,0,0,0
1.90E-02,1,-2,0,0,0,0
2.10E-02,1,-2,0,0,0,0
2.30E-02,1,-2,0,0,0,0
2.50E-02,1,-2,0,0,0,0
2.70E-02,1,-2,0,0,0,0
2.90E-02,1,-2,0,0,0,0
3.10E-02,1,-2,0,0,0,0
3.30E-02,1,-2,0,0,0,0
3.50E-02,1,-2,0,0,0,0
3.70E-02,1,-2,0,0,0,0
3.90E-02,1,-2,0,0,0,0
4.10E-02,1,-2,0,0,0,0
4.30E-02,1,-2,0,0,0,0
4.50E-02,1,-2,0,0,0,0
4.70E-02,1,-2,0,0,0,0
4.90E-02,1,-2,0,0,0,0
5.10E-02,1,-2,0,0,0,0
5.30E-02,1,-2,0,0,0,0
5.50E-02,1,-2,0,0,0,0
5.70E-02,1,-2,0,0,0,0
5.90E-02,1,-2,0,0,0,0
6.10E-02,1,-2,0,0,0,0
6.30E-02,1,-2,0,0,0,0
6.50E-02,1,-2,0,0,0,0
6.70E-02,1,-2,0,0,0,0
6.90E-02,1,-2,0,0,0,0
7.10E-02,1,-2,0,0,0,0
7.30E-02,1,-2,0,0,0,0
7.50E-02,1,-2,0,0,0,0
7.70E-02,1,-2,0,0,0,0
7.90E-02,1,-2,0,0,0,0
8.10E-02,1,-2,0,0,0,0
8.30E-02,1,-2,4.82E-09,2.41E-09,1.61927E-09,2.41E-12
8.50E-02,1,-2,4.71E-09,2.35E-09,1.58232E-09,2.35E-12
8.70E-02,1,-2,9.20E-09,4.60E-09,3.09072E-09,4.6E-12
8.90E-02,1,-2,1.35E-08,6.74E-09,4.5353E-09,6.74E-12
9.10E-02,1,-2,2.64E-08,1.32E-08,8.86903E-09,1.32E-11
9.30E-02,1,-2,3.87E-08,1.94E-08,1.30012E-08,1.94E-11
9.50E-02,1,-2,5.89E-08,2.95E-08,1.97873E-08,2.95E-11
9.70E-02,1,-2,9.07E-08,4.54E-08,3.04705E-08,4.54E-11
9.90E-02,1,-2,1.37E-07,6.87E-08,4.60249E-08,6.87E-11
1.01E-01,1,-2,1.98E-07,9.90E-08,6.65177E-08,9.9E-11
1.03E-01,1,-2,2.87E-07,1.44E-07,9.64171E-08,1.44E-10
1.05E-01,1,-2,4.08E-07,2.04E-07,1.37067E-07,2.04E-10
1.07E-01,1,-2,5.72E-07,2.86E-07,1.92162E-07,2.86E-10
1.09E-01,1,-2,7.89E-07,3.94E-07,2.65063E-07,3.94E-10
1.11E-01,1,-2,1.08E-06,5.39E-07,3.62824E-07,5.39E-10
1.13E-01,1,-2,1.46E-06,7.29E-07,4.90484E-07,7.29E-10
1.15E-01,1,-2,1.95E-06,9.74E-07,6.55099E-07,9.74E-10
1.17E-01,1,-2,2.58E-06,1.29E-06,8.66746E-07,1.29E-09
1.19E-01,1,-2,3.38E-06,1.69E-06,1.1355E-06,1.69E-09
1.21E-01,1,-2,4.38E-06,2.19E-06,1.47145E-06,2.19E-09
1.23E-01,1,-2,5.64E-06,2.82E-06,1.89475E-06,2.82E-09
1.25E-01,1,-2,7.20E-06,3.60E-06,2.41883E-06,3.6E-09
1.27E-01,1,-2,9.12E-06,4.56E-06,3.06385E-06,4.56E-09
1.29E-01,1,-2,1.15E-05,5.73E-06,3.8634E-06,5.73E-09
1.31E-01,1,-2,1.43E-05,7.15E-06,4.80406E-06,7.15E-09
1.33E-01,0.999999,-2,1.77E-05,8.86E-06,5.94628E-06,8.86E-09
1.35E-01,0.999999,-2,2.18E-05,1.09E-05,7.32367E-06,1.09E-08
1.37E-01,0.999999,-2,2.67E-05,1.33E-05,8.96982E-06,1.33E-08
1.39E-01,0.999999,-2,3.25E-05,1.62E-05,1.09183E-05,1.62E-08
1.41E-01,0.999999,-1.99999,3.92E-05,1.96E-05,1.31692E-05,1.96E-08
1.43E-01,0.999998,-1.99999,4.72E-05,2.36E-05,1.58568E-05,2.36E-08
1.45E-01,0.999998,-1.99999,5.64E-05,2.82E-05,1.89475E-05,2.82E-08
1.47E-01,0.999998,-1.99999,6.71E-05,3.36E-05,2.25421E-05,3.36E-08
1.49E-01,0.999997,-1.99999,7.95E-05,3.98E-05,2.67079E-05,3.98E-08
1.51E-01,0.999996,-1.99999,9.37E-05,4.69E-05,3.14783E-05,4.69E-08
1.53E-01,0.999996,-1.99998,1.10E-04,5.50E-05,3.69543E-05,0.000000055
1.55E-01,0.999995,-1.99998,1.29E-04,6.43E-05,4.33373E-05,6.43E-08
1.57E-01,0.999994,-1.99998,1.50E-04,7.48E-05,5.03922E-05,7.48E-08
1.59E-01,0.999993,-1.99997,1.73E-04,8.67E-05,5.8119E-05,8.67E-08
1.61E-01,0.999992,-1.99997,2.00E-04,1.00E-04,6.71896E-05,0.0000001
1.63E-01,0.999991,-1.99996,2.30E-04,1.15E-04,7.72681E-05,0.000000115
1.65E-01,0.999989,-1.99996,2.64E-04,1.32E-04,8.86903E-05,0.000000132
1.67E-01,0.999987,-1.99995,3.02E-04,1.51E-04,0.000101456,0.000000151
1.69E-01,0.999985,-1.99994,3.43E-04,1.72E-04,0.00011523,0.000000172
1.71E-01,0.999983,-1.99993,3.90E-04,1.95E-04,0.00013102,0.000000195
1.73E-01,0.999981,-1.99992,4.41E-04,2.21E-04,0.000148153,0.000000221
1.75E-01,0.999978,-1.99991,4.98E-04,2.49E-04,0.000167302,0.000000249
1.77E-01,0.999975,-1.9999,5.60E-04,2.80E-04,0.000188131,0.00000028
1.79E-01,0.999972,-1.99989,6.28E-04,3.14E-04,0.000210975,0.000000314
1.81E-01,0.999968,-1.99987,7.03E-04,3.51E-04,0.000236172,0.000000351
1.83E-01,0.999964,-1.99986,7.84E-04,3.92E-04,0.000263383,0.000000392
1.85E-01,0.99996,-1.99984,8.73E-04,4.37E-04,0.000293283,0.000000437
1.87E-01,0.999955,-1.99982,9.70E-04,4.85E-04,0.00032587,0.000000485
1.89E-01,0.999949,-1.9998,1.07E-03,5.37E-04,0.000359464,0.000000537
1.91E-01,0.999943,-1.99977,1.19E-03,5.94E-04,0.000399778,0.000000594
1.93E-01,0.999937,-1.99975,1.31E-03,6.56E-04,0.000440092,0.000000656
1.95E-01,0.99993,-1.99972,1.44E-03,7.22E-04,0.000483765,0.000000722
1.97E-01,0.999922,-1.99969,1.59E-03,7.93E-04,0.000534158,0.000000793
1.99E-01,0.999914,-1.99965,1.74E-03,8.69E-04,0.00058455,0.000000869
2.01E-01,0.999904,-1.99962,1.90E-03,9.51E-04,0.000638301,0.000000951
2.03E-01,0.999895,-1.99958,2.08E-03,1.04E-03,0.000698772,0.00000104
2.05E-01,0.999884,-1.99954,2.27E-03,1.13E-03,0.000762602,0.00000113
2.07E-01,0.999873,-1.99949,2.47E-03,1.23E-03,0.000829792,0.00000123
2.09E-01,0.99986,-1.99944,2.68E-03,1.34E-03,0.000900341,0.00000134
2.11E-01,0.999847,-1.99939,2.91E-03,1.45E-03,0.000977609,0.00000145
2.13E-01,0.999833,-1.99933,3.15E-03,1.57E-03,0.001058237,0.00000157
2.15E-01,0.999817,-1.99927,3.40E-03,1.70E-03,0.001142224,0.0000017
2.17E-01,0.999801,-1.9992,3.67E-03,1.84E-03,0.00123293,0.00000184
2.19E-01,0.999783,-1.99913,3.96E-03,1.98E-03,0.001330355,0.00000198
2.21E-01,0.999765,-1.99906,4.27E-03,2.13E-03,0.001434499,0.00000213
2.23E-01,0.999745,-1.99898,4.59E-03,2.29E-03,0.001542002,0.00000229
2.25E-01,0.999724,-1.99889,4.92E-03,2.46E-03,0.001652865,0.00000246
2.27E-01,0.999701,-1.9988,5.28E-03,2.64E-03,0.001773806,0.00000264
2.29E-01,0.999677,-1.99871,5.65E-03,2.83E-03,0.001898107,0.00000283
2.31E-01,0.999652,-1.99861,6.05E-03,3.03E-03,0.002032486,0.00000303
2.33E-01,0.999625,-1.9985,6.46E-03,3.23E-03,0.002170225,0.00000323
2.35E-01,0.999596,-1.99838,6.89E-03,3.45E-03,0.002314683,0.00000345
2.37E-01,0.999566,-1.99826,7.35E-03,3.68E-03,0.002469219,0.00000368
2.39E-01,0.999534,-1.99814,7.82E-03,3.91E-03,0.002627114,0.00000391
2.41E-01,0.9995,-1.998,8.32E-03,4.16E-03,0.002795088,0.00000416
2.43E-01,0.999465,-1.99786,8.83E-03,4.42E-03,0.002966422,0.00000442
2.45E-01,0.999428,-1.99771,9.38E-03,4.69E-03,0.003151193,0.00000469
2.47E-01,0.999388,-1.99755,9.94E-03,4.98E-03,0.003339324,0.00000498
2.49E-01,0.999347,-1.99739,1.05E-02,5.27E-03,0.003527455,0.00000527
2.51E-01,0.999304,-1.99722,1.11E-02,5.58E-03,0.003729024,0.00000558
2.53E-01,0.999258,-1.99703,1.18E-02,5.90E-03,0.003964188,0.0000059
2.55E-01,0.999211,-1.99684,1.24E-02,6.23E-03,0.004165757,0.00000623
2.57E-01,0.999161,-1.99664,1.31E-02,6.57E-03,0.00440092,0.00000657
2.59E-01,0.999108,-1.99643,1.38E-02,6.93E-03,0.004636084,0.00000693
2.61E-01,0.999054,-1.99622,1.46E-02,7.30E-03,0.004904843,0.0000073
2.63E-01,0.998997,-1.99599,1.53E-02,7.69E-03,0.005140006,0.00000769
2.65E-01,0.998937,-1.99575,1.61E-02,8.08E-03,0.005408765,0.00000808
2.67E-01,0.998875,-1.9955,1.70E-02,8.50E-03,0.005711118,0.0000085
2.69E-01,0.99881,-1.99524,1.78E-02,8.92E-03,0.005979877,0.00000892
2.71E-01,0.998742,-1.99497,1.87E-02,9.36E-03,0.00628223,0.00000936
2.73E-01,0.998672,-1.99469,1.96E-02,9.82E-03,0.006584583,0.00000982
2.75E-01,0.998598,-1.9944,2.05E-02,1.03E-02,0.006886937,0.0000103
2.77E-01,0.998522,-1.99409,2.15E-02,1.08E-02,0.007222885,0.0000108
2.79E-01,0.998443,-1.99378,2.25E-02,1.13E-02,0.007558833,0.0000113
2.81E-01,0.998361,-1.99345,2.35E-02,1.18E-02,0.007894781,0.0000118
2.83E-01,0.998275,-1.99311,2.46E-02,1.23E-02,0.008264324,0.0000123
2.85E-01,0.998187,-1.99275,2.57E-02,1.29E-02,0.008633867,0.0000129
2.87E-01,0.998095,-1.99239,2.68E-02,1.34E-02,0.00900341,0.0000134
2.89E-01,0.998,-1.99201,2.79E-02,1.40E-02,0.009372953,0.000014
2.91E-01,0.997901,-1.99161,2.91E-02,1.46E-02,0.009776091,0.0000146
2.93E-01,0.997799,-1.99121,3.03E-02,1.52E-02,0.010179228,0.0000152
2.95E-01,0.997694,-1.99078,3.16E-02,1.59E-02,0.010615961,0.0000159
2.97E-01,0.997584,-1.99035,3.29E-02,1.65E-02,0.011052693,0.0000165
2.99E-01,0.997472,-1.9899,3.42E-02,1.72E-02,0.011489426,0.0000172
3.01E-01,0.997355,-1.98943,3.55E-02,1.79E-02,0.011926159,0.0000179
3.03E-01,0.997235,-1.98895,3.69E-02,1.86E-02,0.012396486,0.0000186
3.05E-01,0.997111,-1.98846,3.83E-02,1.93E-02,0.012866813,0.0000193
3.07E-01,0.996983,-1.98795,3.98E-02,2.00E-02,0.013370736,0.00002
3.09E-01,0.996851,-1.98742,4.13E-02,2.08E-02,0.013874658,0.0000208
3.11E-01,0.996715,-1.98688,4.28E-02,2.15E-02,0.01437858,0.0000215
3.13E-01,0.996574,-1.98632,4.44E-02,2.23E-02,0.014916097,0.0000223
3.15E-01,0.99643,-1.98575,4.60E-02,2.32E-02,0.015453614,0.0000232
3.17E-01,0.996281,-1.98515,4.76E-02,2.40E-02,0.015991131,0.000024
3.19E-01,0.996128,-1.98454,4.93E-02,2.48E-02,0.016562243,0.0000248
3.21E-01,0.995971,-1.98392,5.10E-02,2.57E-02,0.017133355,0.0000257
3.23E-01,0.99581,-1.98327,5.27E-02,2.66E-02,0.017704466,0.0000266
3.25E-01,0.995643,-1.98261,5.45E-02,2.75E-02,0.018309173,0.0000275
3.27E-01,0.995473,-1.98193,5.63E-02,2.84E-02,0.01891388,0.0000284
3.29E-01,0.995297,-1.98123,5.82E-02,2.94E-02,0.019552181,0.0000294
3.31E-01,0.995117,-1.98052,6.01E-02,3.03E-02,0.020190483,0.0000303
3.33E-01,0.994933,-1.97978,6.20E-02,3.13E-02,0.020828784,0.0000313
3.35E-01,0.994743,-1.97903,6.39E-02,3.23E-02,0.021467085,0.0000323
3.37E-01,0.994549,-1.97826,6.60E-02,3.33E-02,0.022172577,0.0000333
3.39E-01,0.99435,-1.97746,6.80E-02,3.44E-02,0.022844473,0.0000344
3.41E-01,0.994146,-1.97665,7.01E-02,3.55E-02,0.023549964,0.0000355
3.43E-01,0.993936,-1.97582,7.22E-02,3.65E-02,0.024255455,0.0000365
3.45E-01,0.993722,-1.97497,7.43E-02,3.76E-02,0.024960946,0.0000376
3.47E-01,0.993503,-1.97409,7.65E-02,3.88E-02,0.025700032,0.0000388
3.49E-01,0.993278,-1.9732,7.88E-02,3.99E-02,0.026472713,0.0000399
3.51E-01,0.993048,-1.97229,8.11E-02,4.11E-02,0.027245393,0.0000411
3.53E-01,0.992813,-1.97135,8.34E-02,4.23E-02,0.028018074,0.0000423
3.55E-01,0.992572,-1.9704,8.57E-02,4.35E-02,0.028790755,0.0000435
3.57E-01,0.992326,-1.96942,8.81E-02,4.47E-02,0.02959703,0.0000447
3.59E-01,0.992075,-1.96842,9.05E-02,4.60E-02,0.030403306,0.000046
3.61E-01,0.991818,-1.9674,9.30E-02,4.73E-02,0.031243176,0.0000473
3.63E-01,0.991555,-1.96636,9.55E-02,4.86E-02,0.032083046,0.0000486
3.65E-01,0.991287,-1.9653,9.81E-02,4.99E-02,0.032956512,0.0000499
3.67E-01,0.991013,-1.96421,0.100675,5.13E-02,0.033821578,0.0000513
3.69E-01,0.990733,-1.9631,0.103307,5.26E-02,0.034705793,0.0000526
3.71E-01,0.990448,-1.96197,0.10598,5.40E-02,0.035603783,0.000054
3.73E-01,0.990156,-1.96082,0.108692,5.54E-02,0.036514874,0.0000554
3.75E-01,0.989859,-1.95964,0.111446,5.69E-02,0.037440075,0.0000569
3.77E-01,0.989556,-1.95844,0.11424,5.83E-02,0.038378714,0.0000583
3.79E-01,0.989247,-1.95722,0.117074,5.98E-02,0.039330791,0.0000598
3.81E-01,0.988931,-1.95597,0.119949,6.13E-02,0.040296642,0.0000613
3.83E-01,0.98861,-1.9547,0.122865,6.29E-02,0.041276267,0.0000629
3.85E-01,0.988282,-1.9534,0.125822,6.44E-02,0.042269666,0.0000644
3.87E-01,0.987949,-1.95208,0.12882,6.60E-02,0.043276838,0.000066
3.89E-01,0.987609,-1.95074,0.131859,6.76E-02,0.044297784,0.0000676
3.91E-01,0.987262,-1.94937,0.134939,6.92E-02,0.045332505,0.0000692
3.93E-01,0.986909,-1.94798,0.13806,7.09E-02,0.046380999,0.0000709
3.95E-01,0.98655,-1.94656,0.141223,7.25E-02,0.047443603,0.0000725
3.97E-01,0.986185,-1.94512,0.144426,7.43E-02,0.048519645,0.0000743
3.99E-01,0.985812,-1.94365,0.147671,7.60E-02,0.049609796,0.000076
4.01E-01,0.985434,-1.94216,0.150957,7.77E-02,0.050713722,0.0000777
4.03E-01,0.985048,-1.94064,0.154285,7.95E-02,0.051831757,0.0000795
4.05E-01,0.984656,-1.9391,0.157654,8.13E-02,0.052963566,0.0000813
4.07E-01,0.984258,-1.93753,0.161065,8.31E-02,0.054109485,0.0000831
4.09E-01,0.983852,-1.93593,0.164517,8.50E-02,0.055269178,0.000085
4.11E-01,0.98344,-1.93431,0.168011,8.69E-02,0.056442981,0.0000869
4.13E-01,0.983021,-1.93266,0.171546,8.88E-02,0.057630558,0.0000888
4.15E-01,0.982595,-1.93099,0.175123,9.07E-02,0.058832244,0.0000907
4.17E-01,0.982162,-1.92928,0.178742,9.26E-02,0.060048041,0.0000926
4.19E-01,0.981722,-1.92756,0.182403,9.46E-02,0.061277947,0.0000946
4.21E-01,0.981275,-1.9258,0.186105,9.66E-02,0.062521627,0.0000966
4.23E-01,0.980821,-1.92402,0.189849,9.87E-02,0.063779416,0.0000987
4.25E-01,0.98036,-1.92221,0.193635,0.100736,0.065051316,0.000100736
4.27E-01,0.979892,-1.92037,0.197463,0.102825,0.066337326,0.000102825
4.29E-01,0.979416,-1.91851,0.201333,0.104942,0.067637445,0.000104942
4.31E-01,0.978933,-1.91662,0.205244,0.107086,0.068951338,0.000107086
4.33E-01,0.978443,-1.9147,0.209198,0.109259,0.070279677,0.000109259
4.35E-01,0.977946,-1.91276,0.213193,0.111459,0.07162179,0.000111459
4.37E-01,0.977441,-1.91078,0.217231,0.113687,0.072978348,0.000113687
4.39E-01,0.976928,-1.90878,0.22131,0.115943,0.074348681,0.000115943
4.41E-01,0.976409,-1.90675,0.225431,0.118228,0.075733123,0.000118228
4.43E-01,0.975881,-1.90469,0.229595,0.120542,0.077132011,0.000120542
4.45E-01,0.975346,-1.9026,0.2338,0.122885,0.078544673,0.000122885
4.47E-01,0.974804,-1.90049,0.238048,0.125256,0.07997178,0.000125256
4.49E-01,0.974254,-1.89834,0.242337,0.127657,0.081412662,0.000127657
4.51E-01,0.973696,-1.89617,0.246669,0.130088,0.082867989,0.000130088
4.53E-01,0.97313,-1.89397,0.251043,0.132549,0.084337426,0.000132549
4.55E-01,0.972557,-1.89173,0.255458,0.135039,0.085820637,0.000135039
4.57E-01,0.971976,-1.88947,0.259916,0.13756,0.087318294,0.00013756
4.59E-01,0.971387,-1.88718,0.264416,0.140112,0.088830061,0.000140112
4.61E-01,0.97079,-1.88487,0.268958,0.142694,0.090355937,0.000142694
4.63E-01,0.970185,-1.88252,0.273543,0.145307,0.091896259,0.000145307
4.65E-01,0.969572,-1.88014,0.278169,0.147951,0.093450355,0.000147951
4.67E-01,0.968951,-1.87773,0.282837,0.150627,0.095018561,0.000150627
4.69E-01,0.968322,-1.87529,0.287548,0.153335,0.096601213,0.000153335
4.71E-01,0.967684,-1.87283,0.292301,0.156075,0.098197974,0.000156075
4.73E-01,0.967039,-1.87033,0.297095,0.158847,0.09980851,0.000158847
4.75E-01,0.966385,-1.8678,0.301932,0.161651,0.101433491,0.000161651
4.77E-01,0.965723,-1.86524,0.306811,0.164489,0.103072582,0.000164489
4.79E-01,0.965053,-1.86266,0.311733,0.167359,0.104726118,0.000167359
4.81E-01,0.964375,-1.86004,0.316696,0.170263,0.106393429,0.000170263
4.83E-01,0.963688,-1.85739,0.321701,0.173201,0.108074849,0.000173201
4.85E-01,0.962992,-1.85471,0.326749,0.176173,0.109770715,0.000176173
4.87E-01,0.962289,-1.852,0.331839,0.179179,0.111480691,0.000179179
4.89E-01,0.961576,-1.84926,0.336971,0.182219,0.113204777,0.000182219
4.91E-01,0.960855,-1.84649,0.342144,0.185295,0.114942637,0.000185295
4.93E-01,0.960126,-1.84368,0.34736,0.188406,0.116694942,0.000188406
4.95E-01,0.959388,-1.84085,0.352619,0.191552,0.118461694,0.000191552
4.97E-01,0.958641,-1.83798,0.357919,0.194734,0.120242219,0.000194734
4.99E-01,0.957885,-1.83509,0.363261,0.197953,0.122036854,0.000197953
5.01E-01,0.957121,-1.83216,0.368646,0.201208,0.123845934,0.000201208
5.03E-01,0.956348,-1.8292,0.374072,0.2045,0.125668789,0.0002045
5.05E-01,0.955565,-1.82621,0.379541,0.20783,0.127506089,0.00020783
5.07E-01,0.954774,-1.82319,0.385051,0.211197,0.129357163,0.000211197
5.09E-01,0.953975,-1.82013,0.390604,0.214602,0.131222683,0.000214602
5.11E-01,0.953166,-1.81705,0.396199,0.218045,0.133102313,0.000218045
5.13E-01,0.952348,-1.81393,0.401835,0.221527,0.134995717,0.000221527
5.15E-01,0.951521,-1.81078,0.407514,0.225049,0.136903566,0.000225049
5.17E-01,0.950684,-1.8076,0.413235,0.228609,0.138825525,0.000228609
5.19E-01,0.949839,-1.80439,0.418998,0.23221,0.140761594,0.00023221
5.21E-01,0.948985,-1.80114,0.424803,0.235852,0.142711773,0.000235852
5.23E-01,0.948121,-1.79787,0.430649,0.239534,0.144675726,0.000239534
5.25E-01,0.947248,-1.79456,0.436538,0.243257,0.146654125,0.000243257
5.27E-01,0.946365,-1.79121,0.442469,0.247022,0.148646633,0.000247022
5.29E-01,0.945473,-1.78784,0.448442,0.250829,0.150653251,0.000250829
5.31E-01,0.944572,-1.78443,0.454457,0.254679,0.152673979,0.000254679
5.33E-01,0.943661,-1.78099,0.460513,0.258571,0.154708481,0.000258571
5.35E-01,0.942741,-1.77752,0.466612,0.262507,0.156757429,0.000262507
5.37E-01,0.941811,-1.77401,0.472752,0.266487,0.15882015,0.000266487
5.39E-01,0.940871,-1.77048,0.478935,0.270512,0.160897317,0.000270512
5.41E-01,0.939922,-1.76691,0.485159,0.274581,0.162988259,0.000274581
5.43E-01,0.938963,-1.7633,0.491425,0.278696,0.16509331,0.000278696
5.45E-01,0.937994,-1.75967,0.497734,0.282857,0.167212806,0.000282857
5.47E-01,0.937016,-1.756,0.504084,0.287064,0.169346077,0.000287064
5.49E-01,0.936027,-1.75229,0.510475,0.291318,0.171493121,0.000291318
5.51E-01,0.935029,-1.74856,0.516909,0.29562,0.173654612,0.00029562
5.53E-01,0.934021,-1.74479,0.523385,0.29997,0.175830212,0.00029997
5.55E-01,0.933002,-1.74099,0.529902,0.304369,0.178019586,0.000304369
5.57E-01,0.931974,-1.73715,0.536461,0.308817,0.18022307,0.000308817
5.59E-01,0.930935,-1.73328,0.543062,0.313314,0.182440663,0.000313314
5.61E-01,0.929887,-1.72938,0.549705,0.317863,0.184672367,0.000317863
5.63E-01,0.928828,-1.72544,0.556389,0.322462,0.186917844,0.000322462
5.65E-01,0.927759,-1.72147,0.563116,0.327113,0.189177767,0.000327113
5.67E-01,0.926679,-1.71747,0.569884,0.331816,0.191451464,0.000331816
5.69E-01,0.925589,-1.71343,0.576693,0.336572,0.193738935,0.000336572
5.71E-01,0.924489,-1.70936,0.583545,0.341382,0.196040851,0.000341382
5.73E-01,0.923379,-1.70526,0.590438,0.346246,0.198356542,0.000346246
5.75E-01,0.922257,-1.70112,0.597373,0.351165,0.200686342,0.000351165
5.77E-01,0.921126,-1.69694,0.60435,0.35614,0.203030252,0.00035614
5.79E-01,0.919983,-1.69274,0.611368,0.361171,0.205387936,0.000361171
5.81E-01,0.91883,-1.6885,0.618428,0.366259,0.20775973,0.000366259
5.83E-01,0.917666,-1.68422,0.625529,0.371405,0.210145298,0.000371405
5.85E-01,0.916492,-1.67991,0.632673,0.37661,0.212545311,0.00037661
5.87E-01,0.915306,-1.67557,0.639857,0.381874,0.214958762,0.000381874
5.89E-01,0.91411,-1.67119,0.647084,0.387199,0.217386659,0.000387199
5.91E-01,0.912902,-1.66678,0.654352,0.392584,0.219828331,0.000392584
5.93E-01,0.911684,-1.66234,0.661661,0.398031,0.222283775,0.000398031
5.95E-01,0.910455,-1.65786,0.669013,0.403541,0.224753666,0.000403541
5.97E-01,0.909214,-1.65334,0.676405,0.409114,0.227236995,0.000409114
5.99E-01,0.907962,-1.64879,0.68384,0.414752,0.229734769,0.000414752
6.01E-01,0.906699,-1.64421,0.691316,0.420455,0.232246317,0.000420455
6.03E-01,0.905425,-1.63959,0.698833,0.426224,0.234771639,0.000426224
6.05E-01,0.904139,-1.63494,0.706392,0.432061,0.237311071,0.000432061
6.07E-01,0.902842,-1.63025,0.713992,0.437965,0.239864277,0.000437965
6.09E-01,0.901534,-1.62553,0.721634,0.443939,0.242431593,0.000443939
6.11E-01,0.900214,-1.62077,0.729317,0.449982,0.245012682,0.000449982
6.13E-01,0.898882,-1.61598,0.737042,0.456097,0.247607881,0.000456097
6.15E-01,0.897538,-1.61115,0.744808,0.462284,0.250216855,0.000462284
6.17E-01,0.896183,-1.60629,0.752616,0.468544,0.252839938,0.000468544
6.19E-01,0.894816,-1.60139,0.760465,0.474878,0.255476794,0.000474878
6.21E-01,0.893437,-1.59646,0.768356,0.481287,0.258127761,0.000481287
6.23E-01,0.892046,-1.59149,0.776288,0.487773,0.260792502,0.000487773
6.25E-01,0.890643,-1.58649,0.784261,0.494337,0.263471016,0.000494337
6.27E-01,0.889229,-1.58145,0.792275,0.500979,0.266163304,0.000500979
6.29E-01,0.887801,-1.57638,0.800331,0.507701,0.268869703,0.000507701
6.31E-01,0.886362,-1.57128,0.808429,0.514505,0.27159021,0.000514505
6.33E-01,0.884911,-1.56613,0.816568,0.521391,0.274324492,0.000521391
6.35E-01,0.883447,-1.56096,0.824748,0.528361,0.277072548,0.000528361
6.37E-01,0.88197,-1.55574,0.832969,0.535416,0.279834378,0.000535416
6.39E-01,0.880481,-1.55049,0.841232,0.542557,0.282610317,0.000542557
6.41E-01,0.87898,-1.54521,0.849536,0.549786,0.28540003,0.000549786
6.43E-01,0.877466,-1.53989,0.857881,0.557105,0.288203517,0.000557105
6.45E-01,0.875939,-1.53454,0.866267,0.564514,0.291020778,0.000564514
6.47E-01,0.874399,-1.52915,0.874695,0.572015,0.293852149,0.000572015
6.49E-01,0.872846,-1.52372,0.883164,0.57961,0.296697294,0.00057961
6.51E-01,0.871281,-1.51826,0.891674,0.5873,0.299556213,0.0005873
6.53E-01,0.869702,-1.51276,0.900226,0.595086,0.302429241,0.000595086
6.55E-01,0.868111,-1.50723,0.908818,0.602972,0.305315707,0.000602972
6.57E-01,0.866506,-1.50166,0.917452,0.610957,0.308216283,0.000610957
6.59E-01,0.864888,-1.49606,0.926127,0.619044,0.311130633,0.000619044
6.61E-01,0.863256,-1.49042,0.934843,0.627234,0.314058757,0.000627234
6.63E-01,0.861611,-1.48475,0.943601,0.63553,0.317000991,0.00063553
6.65E-01,0.859952,-1.47904,0.952399,0.643932,0.319956663,0.000643932
6.67E-01,0.85828,-1.47329,0.961239,0.652444,0.322926444,0.000652444
6.69E-01,0.856594,-1.46751,0.970119,0.661067,0.325909664,0.000661067
6.71E-01,0.854894,-1.46169,0.979041,0.669802,0.328906993,0.000669802
6.73E-01,0.85318,-1.45583,0.988004,0.678652,0.331918096,0.000678652
6.75E-01,0.851453,-1.44994,0.997008,0.687619,0.334942973,0.000687619
6.77E-01,0.849711,-1.44402,1.00605,0.696705,0.337980616,0.000696705
6.79E-01,0.847955,-1.43806,1.01514,0.705912,0.341034384,0.000705912
6.81E-01,0.846185,-1.43206,1.02427,0.715242,0.344101591,0.000715242
6.83E-01,0.8444,-1.42602,1.03344,0.724698,0.347182235,0.000724698
6.85E-01,0.842601,-1.41995,1.04265,0.734282,0.350276317,0.000734282
6.87E-01,0.840787,-1.41385,1.0519,0.743996,0.353383838,0.000743996
6.89E-01,0.838959,-1.4077,1.06119,0.753843,0.356504796,0.000753843
6.91E-01,0.837115,-1.40152,1.07052,0.763825,0.359639192,0.000763825
6.93E-01,0.835257,-1.39531,1.07989,0.773945,0.362787026,0.000773945
6.95E-01,0.833384,-1.38906,1.08931,0.784206,0.365951657,0.000784206
6.97E-01,0.831496,-1.38277,1.09876,0.79461,0.369126367,0.00079461
6.99E-01,0.829592,-1.37645,1.10826,0.80516,0.372317874,0.00080516
7.01E-01,0.827673,-1.37009,1.1178,0.815858,0.375522819,0.000815858
7.03E-01,0.825739,-1.36369,1.12737,0.826709,0.378737843,0.000826709
7.05E-01,0.823789,-1.35726,1.13699,0.837715,0.381969664,0.000837715
7.07E-01,0.821824,-1.35079,1.14665,0.848878,0.385214923,0.000848878
7.09E-01,0.819842,-1.34428,1.15636,0.860203,0.388476979,0.000860203
7.11E-01,0.817845,-1.33774,1.1661,0.871692,0.391749114,0.000871692
7.13E-01,0.815831,-1.33116,1.17588,0.883349,0.395034687,0.000883349
7.15E-01,0.813802,-1.32455,1.1857,0.895177,0.398333697,0.000895177
7.17E-01,0.811756,-1.3179,1.19557,0.907181,0.401649505,0.000907181
7.19E-01,0.809693,-1.31121,1.20547,0.919363,0.404975392,0.000919363
7.21E-01,0.807615,-1.30448,1.21542,0.931727,0.408318076,0.000931727
7.23E-01,0.805519,-1.29772,1.22541,0.944277,0.411674198,0.000944277
7.25E-01,0.803406,-1.29092,1.23544,0.957018,0.415043757,0.000957018
7.27E-01,0.801277,-1.28409,1.24551,0.969953,0.418426755,0.000969953
7.29E-01,0.79913,-1.27722,1.25562,0.983087,0.42182319,0.000983087
7.31E-01,0.796966,-1.27031,1.26577,0.996423,0.425233064,0.000996423
7.33E-01,0.794785,-1.26337,1.27596,1.00997,0.428656375,0.00100997
7.35E-01,0.792586,-1.25638,1.28619,1.02372,0.432093125,0.00102372
7.37E-01,0.790369,-1.24937,1.29646,1.0377,0.435543312,0.0010377
7.39E-01,0.788134,-1.24231,1.30678,1.05189,0.439010297,0.00105189
7.41E-01,0.785881,-1.23522,1.31713,1.06631,0.44248736,0.00106631
7.43E-01,0.783611,-1.22809,1.32753,1.08097,0.44598122,0.00108097
7.45E-01,0.781321,-1.22093,1.33796,1.09586,0.449485159,0.00109586
7.47E-01,0.779013,-1.21372,1.34844,1.11099,0.453005896,0.00111099
7.49E-01,0.776687,-1.20648,1.35896,1.12638,0.45654007,0.00112638
7.51E-01,0.774341,-1.19921,1.36952,1.14202,0.460087682,0.00114202
7.53E-01,0.771977,-1.1919,1.38011,1.15792,0.463645373,0.00115792
7.55E-01,0.769593,-1.18455,1.39075,1.17408,0.467219861,0.00117408
7.57E-01,0.767189,-1.17716,1.40143,1.19052,0.470807787,0.00119052
7.59E-01,0.764766,-1.16974,1.41216,1.20724,0.474412511,0.00120724
7.61E-01,0.762324,-1.16227,1.42292,1.22425,0.478027313,0.00122425
7.63E-01,0.759861,-1.15478,1.43372,1.24156,0.481655552,0.00124156
7.65E-01,0.757378,-1.14724,1.44456,1.25916,0.48529723,0.00125916
7.67E-01,0.754874,-1.13967,1.45545,1.27708,0.488955705,0.00127708
7.69E-01,0.75235,-1.13206,1.46637,1.29531,0.492624259,0.00129531
7.71E-01,0.749805,-1.12442,1.47734,1.31387,0.49630961,0.00131387
7.73E-01,0.747239,-1.11673,1.48834,1.33277,0.500005039,0.00133277
7.75E-01,0.744652,-1.10901,1.49939,1.352,0.503717266,0.001352
7.77E-01,0.742043,-1.10126,1.51048,1.3716,0.507442931,0.0013716
7.79E-01,0.739412,-1.09346,1.5216,1.39155,0.511178674,0.00139155
7.81E-01,0.736759,-1.08563,1.53277,1.41188,0.514931215,0.00141188
7.83E-01,0.734084,-1.07776,1.54398,1.43258,0.518697193,0.00143258
7.85E-01,0.731387,-1.06985,1.55523,1.45369,0.52247661,0.00145369
7.87E-01,0.728667,-1.06191,1.56652,1.47519,0.526269464,0.00147519
7.89E-01,0.725923,-1.05393,1.57785,1.49711,0.530075756,0.00149711
7.91E-01,0.723157,-1.04591,1.58922,1.51946,0.533895487,0.00151946
7.93E-01,0.720367,-1.03786,1.60063,1.54225,0.537728655,0.00154225
7.95E-01,0.717553,-1.02976,1.61209,1.56549,0.54157862,0.00156549
7.97E-01,0.714715,-1.02163,1.62358,1.5892,0.545438664,0.0015892
7.99E-01,0.711852,-1.01347,1.63511,1.61339,0.549312146,0.00161339
8.01E-01,0.708965,-1.00526,1.64669,1.63807,0.553202426,0.00163807
8.03E-01,0.706053,-0.997022,1.6583,1.66326,0.557102783,0.00166326
8.05E-01,0.703115,-0.988742,1.66996,1.68897,0.561019939,0.00168897
8.07E-01,0.700152,-0.980426,1.68165,1.71523,0.564947172,0.00171523
8.09E-01,0.697163,-0.972072,1.69339,1.74204,0.568891203,0.00174204
8.11E-01,0.694147,-0.96368,1.70517,1.76943,0.572848672,0.00176943
8.13E-01,0.691104,-0.95525,1.71698,1.79742,0.57681622,0.00179742
8.15E-01,0.688035,-0.946784,1.72884,1.82601,0.580800564,0.00182601
8.17E-01,0.684938,-0.93828,1.74074,1.85524,0.584798347,0.00185524
8.19E-01,0.681813,-0.92974,1.75268,1.88513,0.588809568,0.00188513
8.21E-01,0.678661,-0.92116,1.76466,1.91569,0.592834226,0.00191569
8.23E-01,0.675479,-0.912544,1.77668,1.94695,0.596872323,0.00194695
8.25E-01,0.672269,-0.90389,1.78874,1.97893,0.600923857,0.00197893
8.27E-01,0.669029,-0.895198,1.80084,2.01166,0.60498883,0.00201166
8.29E-01,0.665759,-0.88647,1.81298,2.04516,0.60906724,0.00204516
8.31E-01,0.662459,-0.877704,1.82516,2.07947,0.613159088,0.00207947
8.33E-01,0.659128,-0.8689,1.83738,2.11461,0.617264374,0.00211461
8.35E-01,0.655766,-0.860058,1.84964,2.1506,0.621383098,0.0021506
8.37E-01,0.652372,-0.851178,1.86194,2.18749,0.62551526,0.00218749
8.39E-01,0.648946,-0.84226,1.87429,2.2253,0.62966422,0.0022253
8.41E-01,0.645487,-0.833306,1.88667,2.26408,0.633823258,0.00226408
8.43E-01,0.641995,-0.824314,1.89909,2.30385,0.637995733,0.00230385
8.45E-01,0.638468,-0.815284,1.91156,2.34465,0.642185007,0.00234465
8.47E-01,0.634908,-0.806216,1.92406,2.38653,0.646384358,0.00238653
8.49E-01,0.631313,-0.797112,1.93661,2.42953,0.650600507,0.00242953
8.51E-01,0.627681,-0.787968,1.94919,2.4737,0.654826735,0.0024737
8.53E-01,0.624014,-0.778788,1.96182,2.51907,0.65906976,0.00251907
8.55E-01,0.62031,-0.769568,1.97449,2.5657,0.663326222,0.0025657
8.57E-01,0.616568,-0.760312,1.98719,2.61365,0.667592764,0.00261365
8.59E-01,0.612788,-0.751018,1.99994,2.66297,0.671876102,0.00266297
8.61E-01,0.608969,-0.741686,2.01273,2.71371,0.676172879,0.00271371
8.63E-01,0.60511,-0.732318,2.02555,2.76595,0.680479734,0.00276595
8.65E-01,0.601211,-0.72291,2.03842,2.81974,0.684803386,0.00281974
8.67E-01,0.597271,-0.713464,2.05133,2.87517,0.689140477,0.00287517
8.69E-01,0.593288,-0.703982,2.06428,2.93229,0.693491005,0.00293229
8.71E-01,0.589263,-0.694462,2.07727,2.99119,0.697854971,0.00299119
8.73E-01,0.585193,-0.684902,2.0903,3.05196,0.702232375,0.00305196
8.75E-01,0.581079,-0.675306,2.10337,3.11468,0.706623217,0.00311468
8.77E-01,0.576919,-0.665672,2.11647,3.17946,0.711024138,0.00317946
8.79E-01,0.572713,-0.656,2.12962,3.24638,0.715441856,0.00324638
8.81E-01,0.568458,-0.64629,2.14282,3.31557,0.719876371,0.00331557
8.83E-01,0.564155,-0.636542,2.15605,3.38713,0.724320965,0.00338713
8.85E-01,0.559802,-0.626756,2.16932,3.46118,0.728778997,0.00346118
8.87E-01,0.555397,-0.616932,2.18263,3.53788,0.733250466,0.00353788
8.89E-01,0.55094,-0.60707,2.19598,3.61734,0.737735374,0.00361734
8.91E-01,0.54643,-0.59717,2.20937,3.69973,0.742233719,0.00369973
8.93E-01,0.541864,-0.587232,2.2228,3.78522,0.746745502,0.00378522
8.95E-01,0.537242,-0.577258,2.23628,3.87397,0.751274083,0.00387397
8.97E-01,0.532562,-0.567244,2.24979,3.96617,0.755812743,0.00396617
8.99E-01,0.527822,-0.557192,2.26334,4.06205,0.76036484,0.00406205
9.01E-01,0.523021,-0.547102,2.27693,4.1618,0.764930375,0.0041618
9.03E-01,0.518158,-0.536976,2.29057,4.26568,0.769512707,0.00426568
9.05E-01,0.51323,-0.52681,2.30424,4.37395,0.774105118,0.00437395
9.07E-01,0.508235,-0.516606,2.31795,4.48689,0.778710967,0.00448689
9.09E-01,0.503172,-0.506364,2.33171,4.6048,0.783333613,0.0046048
9.11E-01,0.498039,-0.496086,2.3455,4.72802,0.787966338,0.00472802
9.13E-01,0.492832,-0.485768,2.35934,4.85692,0.79261586,0.00485692
9.15E-01,0.487551,-0.475412,2.37321,4.99191,0.797275461,0.00499191
9.17E-01,0.482192,-0.465018,2.38713,5.1334,0.801951859,0.0051334
9.19E-01,0.476753,-0.454586,2.40108,5.2819,0.806638335,0.0052819
9.21E-01,0.471231,-0.444116,2.41508,5.43793,0.811341609,0.00543793
9.23E-01,0.465623,-0.433608,2.42911,5.60209,0.816054961,0.00560209
9.25E-01,0.459925,-0.423062,2.44319,5.775,0.820785111,0.005775
9.27E-01,0.454136,-0.412478,2.4573,5.95741,0.825525339,0.00595741
9.29E-01,0.44825,-0.401856,2.47146,6.15011,0.830282364,0.00615011
9.31E-01,0.442264,-0.391196,2.48566,6.354,0.835052828,0.006354
9.33E-01,0.436175,-0.380498,2.49989,6.57007,0.83983337,0.00657007
9.35E-01,0.429977,-0.36976,2.51417,6.79946,0.844630709,0.00679946
9.37E-01,0.423666,-0.358986,2.52849,7.04342,0.849441486,0.00704342
9.39E-01,0.417236,-0.348172,2.54284,7.3034,0.854262342,0.0073034
9.41E-01,0.410683,-0.337322,2.55724,7.58102,0.859099995,0.00758102
9.43E-01,0.404,-0.326432,2.57168,7.87815,0.863951086,0.00787815
9.45E-01,0.39718,-0.315504,2.58615,8.19689,0.868812255,0.00819689
9.47E-01,0.390217,-0.304538,2.60067,8.53972,0.873690222,0.00853972
9.49E-01,0.383102,-0.293534,2.61523,8.90945,0.878581627,0.00890945
9.51E-01,0.375827,-0.282492,2.62983,9.30938,0.88348647,0.00930938
9.53E-01,0.368383,-0.271412,2.64447,9.74337,0.88840475,0.00974337
9.55E-01,0.360758,-0.260294,2.65914,10.216,0.893333109,0.010216
9.57E-01,0.352942,-0.249136,2.67386,10.7325,0.898278266,0.0107325
9.59E-01,0.344921,-0.237942,2.68862,11.2995,0.90323686,0.0112995
9.61E-01,0.336681,-0.226708,2.70342,11.9247,0.908208893,0.0119247
9.63E-01,0.328204,-0.215436,2.71826,12.6175,0.913194363,0.0126175
9.65E-01,0.319473,-0.204126,2.73314,13.3894,0.918193271,0.0133894
9.67E-01,0.310466,-0.192778,2.74805,14.255,0.923202258,0.014255
9.69E-01,0.301157,-0.181391,2.76301,15.2323,0.928228042,0.0152323
9.71E-01,0.291519,-0.169967,2.77801,16.3445,0.933267264,0.0163445
9.73E-01,0.281517,-0.158504,2.79305,17.6214,0.938319923,0.0176214
9.75E-01,0.271111,-0.147002,2.80813,19.1026,0.943386021,0.0191026
9.77E-01,0.260252,-0.135463,2.82325,20.8416,0.948465557,0.0208416
9.79E-01,0.248882,-0.123884,2.83841,22.9117,0.953558531,0.0229117
9.81E-01,0.236926,-0.112268,2.85361,25.4178,0.958664942,0.0254178
9.83E-01,0.224292,-0.100613,2.86885,28.5135,0.963784792,0.0285135
9.85E-01,0.210856,-8.89E-02,2.88413,32.4349,0.968918079,0.0324349
9.87E-01,0.196455,-7.72E-02,2.89945,37.5629,0.974064804,0.0375629
9.89E-01,0.180858,-6.54E-02,2.91481,44.5557,0.979224968,0.0445557
9.91E-01,0.163724,-5.36E-02,2.93021,54.6565,0.984398569,0.0546565
9.93E-01,0.144508,-4.18E-02,2.94565,70.5293,0.989585608,0.0705293
9.95E-01,0.122229,-2.99E-02,2.96113,99.1005,0.994786085,0.0991005
9.97E-01,9.48E-02,-1.80E-02,2.97665,165.767,1,0.165767
9.99E-01,5.48E-02,0,0,499.1,0,0.4991
1.00E+00,0,0,0,1000,0,1
1.00E+00,0,0,0,333.333,0,0.333333
1.00E+00,0,0,0,200,0,0.2
1.01E+00,0,0,0,142.857,0,0.142857
1.01E+00,0,0,0,111.111,0,0.111111
1.01E+00,0,0,0,90.9091,0,0.0909091
1.01E+00,0,0,0,76.9231,0,0.0769231
