,Sweep,Mag,E_N,Beta,Temp,Mag_mean,Mag_max,Mag_min,E_mean,E_max,E_min
0,0,-1,2,0.25,4,-1,-1,-1,2,-1,2
1,1,-0.76875,1.27,0.25,4,-0.7592,-0.71,-0.8075,1.278875,-0.775,1.3975
2,2,-0.55625,0.9025,0.25,4,-0.57735,-0.50375,-0.645,0.937,-0.525,1.0775
3,3,-0.405,0.6975,0.25,4,-0.4424375,-0.38125,-0.55375,0.76485,-0.39,0.915
4,4,-0.335,0.69,0.25,4,-0.3357125,-0.25125,-0.44875,0.676075,-0.2975,0.835
5,5,-0.275,0.675,0.25,4,-0.2560125,-0.15625,-0.36625,0.62725,-0.21375,0.74
6,6,-0.18125,0.5725,0.25,4,-0.1948125,-0.085,-0.28375,0.593425,-0.175,0.71
7,7,-0.055,0.5525,0.25,4,-0.1469,-0.0225,-0.23375,0.57455,-0.2,0.7075
8,8,-0.0325,0.535,0.25,4,-0.1108125,0.00625,-0.2225,0.5697,-0.15125,0.6875
9,9,-0.0025,0.545,0.25,4,-0.0904625,0.045,-0.1925,0.562525,-0.14625,0.67
10,10,-0.07375,0.555,0.25,4,-0.0685375,0.07625,-0.17,0.5599,-0.1125,0.69
11,0,-1,2,0.25,4,-1,-1,-1,2,-1,2
12,1,-0.7725,1.355,0.25,4,-0.7592,-0.71,-0.8075,1.278875,-0.775,1.3975
13,2,-0.55875,0.9225,0.25,4,-0.57735,-0.50375,-0.645,0.937,-0.525,1.0775
14,3,-0.40625,0.7325,0.25,4,-0.4424375,-0.38125,-0.55375,0.76485,-0.39,0.915
15,4,-0.34625,0.735,0.25,4,-0.3357125,-0.25125,-0.44875,0.676075,-0.2975,0.835
16,5,-0.2375,0.605,0.25,4,-0.2560125,-0.15625,-0.36625,0.62725,-0.21375,0.74
17,6,-0.20375,0.64,0.25,4,-0.1948125,-0.085,-0.28375,0.593425,-0.175,0.71
18,7,-0.18375,0.6325,0.25,4,-0.1469,-0.0225,-0.23375,0.57455,-0.2,0.7075
19,8,-0.11375,0.61,0.25,4,-0.1108125,0.00625,-0.2225,0.5697,-0.15125,0.6875
20,9,-0.11875,0.585,0.25,4,-0.0904625,0.045,-0.1925,0.562525,-0.14625,0.67
21,10,-0.07,0.5725,0.25,4,-0.0685375,0.07625,-0.17,0.5599,-0.1125,0.69
22,0,-1,2,0.25,4,-1,-1,-1,2,-1,2
23,1,-0.78625,1.3675,0.25,4,-0.7592,-0.71,-0.8075,1.278875,-0.775,1.3975
24,2,-0.565,0.9,0.25,4,-0.57735,-0.50375,-0.645,0.937,-0.525,1.0775
25,3,-0.4425,0.725,0.25,4,-0.4424375,-0.38125,-0.55375,0.76485,-0.39,0.915
26,4,-0.35375,0.705,0.25,4,-0.3357125,-0.25125,-0.44875,0.676075,-0.2975,0.835
27,5,-0.25875,0.645,0.25,4,-0.2560125,-0.15625,-0.36625,0.62725,-0.21375,0.74
28,6,-0.15375,0.6025,0.25,4,-0.1948125,-0.085,-0.28375,0.593425,-0.175,0.71
29,7,-0.13875,0.6275,0.25,4,-0.1469,-0.0225,-0.23375,0.57455,-0.2,0.7075
30,8,-0.12625,0.615,0.25,4,-0.1108125,0.00625,-0.2225,0.5697,-0.15125,0.6875
31,9,-0.095,0.58,0.25,4,-0.0904625,0.045,-0.1925,0.562525,-0.14625,0.67
32,10,-0.06375,0.5425,0.25,4,-0.0685375,0.07625,-0.17,0.5599,-0.1125,0.69
33,0,-1,2,0.25,4,-1,-1,-1,2,-1,2
34,1,-0.75625,1.2675,0.25,4,-0.7592,-0.71,-0.8075,1.278875,-0.775,1.3975
35,2,-0.615,1.02,0.25,4,-0.57735,-0.50375,-0.645,0.937,-0.525,1.0775
36,3,-0.4275,0.7525,0.25,4,-0.4424375,-0.38125,-0.55375,0.76485,-0.39,0.915
37,4,-0.3125,0.6625,0.25,4,-0.3357125,-0.25125,-0.44875,0.676075,-0.2975,0.835
38,5,-0.22,0.6175,0.25,4,-0.2560125,-0.15625,-0.36625,0.62725,-0.21375,0.74
39,6,-0.20625,0.5675,0.25,4,-0.1948125,-0.085,-0.28375,0.593425,-0.175,0.71
40,7,-0.15375,0.605,0.25,4,-0.1469,-0.0225,-0.23375,0.57455,-0.2,0.7075
41,8,-0.06375,0.4925,0.25,4,-0.1108125,0.00625,-0.2225,0.5697,-0.15125,0.6875
42,9,-0.07125,0.6075,0.25,4,-0.0904625,0.045,-0.1925,0.562525,-0.14625,0.67
43,10,-0.1125,0.57,0.25,4,-0.0685375,0.07625,-0.17,0.5599,-0.1125,0.69
44,0,-1,2,0.25,4,-1,-1,-1,2,-1,2
45,1,-0.79375,1.375,0.25,4,-0.7592,-0.71,-0.8075,1.278875,-0.775,1.3975
46,2,-0.63,0.9925,0.25,4,-0.57735,-0.50375,-0.645,0.937,-0.525,1.0775
47,3,-0.49375,0.81,0.25,4,-0.4424375,-0.38125,-0.55375,0.76485,-0.39,0.915
48,4,-0.39625,0.7275,0.25,4,-0.3357125,-0.25125,-0.44875,0.676075,-0.2975,0.835
49,5,-0.3375,0.6525,0.25,4,-0.2560125,-0.15625,-0.36625,0.62725,-0.21375,0.74
50,6,-0.2575,0.6025,0.25,4,-0.1948125,-0.085,-0.28375,0.593425,-0.175,0.71
51,7,-0.19375,0.58,0.25,4,-0.1469,-0.0225,-0.23375,0.57455,-0.2,0.7075
52,8,-0.1675,0.5475,0.25,4,-0.1108125,0.00625,-0.2225,0.5697,-0.15125,0.6875
53,9,-0.145,0.585,0.25,4,-0.0904625,0.045,-0.1925,0.562525,-0.14625,0.67
54,10,-0.0975,0.5125,0.25,4,-0.0685375,0.07625,-0.17,0.5599,-0.1125,0.69
55,0,-1,2,0.25,4,-1,-1,-1,2,-1,2
56,1,-0.75375,1.2725,0.25,4,-0.7592,-0.71,-0.8075,1.278875,-0.775,1.3975
57,2,-0.59125,0.9525,0.25,4,-0.57735,-0.50375,-0.645,0.937,-0.525,1.0775
58,3,-0.46375,0.7825,0.25,4,-0.4424375,-0.38125,-0.55375,0.76485,-0.39,0.915
59,4,-0.37,0.685,0.25,4,-0.3357125,-0.25125,-0.44875,0.676075,-0.2975,0.835
60,5,-0.26,0.655,0.25,4,-0.2560125,-0.15625,-0.36625,0.62725,-0.21375,0.74
61,6,-0.20125,0.6575,0.25,4,-0.1948125,-0.085,-0.28375,0.593425,-0.175,0.71
62,7,-0.16125,0.61,0.25,4,-0.1469,-0.0225,-0.23375,0.57455,-0.2,0.7075
63,8,-0.08125,0.53,0.25,4,-0.1108125,0.00625,-0.2225,0.5697,-0.15125,0.6875
64,9,-0.02125,0.5775,0.25,4,-0.0904625,0.045,-0.1925,0.562525,-0.14625,0.67
65,10,-0.045,0.6075,0.25,4,-0.0685375,0.07625,-0.17,0.5599,-0.1125,0.69
66,0,-1,2,0.25,4,-1,-1,-1,2,-1,2
67,1,-0.7575,1.315,0.25,4,-0.7592,-0.71,-0.8075,1.278875,-0.775,1.3975
68,2,-0.56625,0.92,0.25,4,-0.57735,-0.50375,-0.645,0.937,-0.525,1.0775
69,3,-0.4,0.685,0.25,4,-0.4424375,-0.38125,-0.55375,0.76485,-0.39,0.915
70,4,-0.33,0.6075,0.25,4,-0.3357125,-0.25125,-0.44875,0.676075,-0.2975,0.835
71,5,-0.29875,0.615,0.25,4,-0.2560125,-0.15625,-0.36625,0.62725,-0.21375,0.74
72,6,-0.23375,0.62,0.25,4,-0.1948125,-0.085,-0.28375,0.593425,-0.175,0.71
73,7,-0.23375,0.565,0.25,4,-0.1469,-0.0225,-0.23375,0.57455,-0.2,0.7075
74,8,-0.2225,0.6225,0.25,4,-0.1108125,0.00625,-0.2225,0.5697,-0.15125,0.6875
75,9,-0.11875,0.52,0.25,4,-0.0904625,0.045,-0.1925,0.562525,-0.14625,0.67
76,10,-0.1025,0.555,0.25,4,-0.0685375,0.07625,-0.17,0.5599,-0.1125,0.69
77,0,-1,2,0.25,4,-1,-1,-1,2,-1,2
78,1,-0.80375,1.3975,0.25,4,-0.7592,-0.71,-0.8075,1.278875,-0.775,1.3975
79,2,-0.5625,0.98,0.25,4,-0.57735,-0.50375,-0.645,0.937,-0.525,1.0775
80,3,-0.42,0.7175,0.25,4,-0.4424375,-0.38125,-0.55375,0.76485,-0.39,0.915
81,4,-0.285,0.5475,0.25,4,-0.3357125,-0.25125,-0.44875,0.676075,-0.2975,0.835
82,5,-0.25,0.56,0.25,4,-0.2560125,-0.15625,-0.36625,0.62725,-0.21375,0.74
83,6,-0.165,0.625,0.25,4,-0.1948125,-0.085,-0.28375,0.593425,-0.175,0.71
84,7,-0.12875,0.5525,0.25,4,-0.1469,-0.0225,-0.23375,0.57455,-0.2,0.7075
85,8,-0.13625,0.56,0.25,4,-0.1108125,0.00625,-0.2225,0.5697,-0.15125,0.6875
86,9,-0.1575,0.5425,0.25,4,-0.0904625,0.045,-0.1925,0.562525,-0.14625,0.67
87,10,-0.09,0.5325,0.25,4,-0.0685375,0.07625,-0.17,0.5599,-0.1125,0.69
88,0,-1,2,0.25,4,-1,-1,-1,2,-1,2
89,1,-0.8,1.3425,0.25,4,-0.7592,-0.71,-0.8075,1.278875,-0.775,1.3975
90,2,-0.62125,0.99,0.25,4,-0.57735,-0.50375,-0.645,0.937,-0.525,1.0775
91,3,-0.48,0.8,0.25,4,-0.4424375,-0.38125,-0.55375,0.76485,-0.39,0.915
92,4,-0.35125,0.6525,0.25,4,-0.3357125,-0.25125,-0.44875,0.676075,-0.2975,0.835
93,5,-0.26125,0.6025,0.25,4,-0.2560125,-0.15625,-0.36625,0.62725,-0.21375,0.74
94,6,-0.205,0.5775,0.25,4,-0.1948125,-0.085,-0.28375,0.593425,-0.175,0.71
95,7,-0.1675,0.575,0.25,4,-0.1469,-0.0225,-0.23375,0.57455,-0.2,0.7075
96,8,-0.1575,0.5325,0.25,4,-0.1108125,0.00625,-0.2225,0.5697,-0.15125,0.6875
97,9,-0.08625,0.51,0.25,4,-0.0904625,0.045,-0.1925,0.562525,-0.14625,0.67
98,10,-0.08875,0.5375,0.25,4,-0.0685375,0.07625,-0.17,0.5599,-0.1125,0.69
99,0,-1,2,0.25,4,-1,-1,-1,2,-1,2
100,1,-0.7875,1.3625,0.25,4,-0.7592,-0.71,-0.8075,1.278875,-0.775,1.3975
101,2,-0.6225,0.9675,0.25,4,-0.57735,-0.50375,-0.645,0.937,-0.525,1.0775
102,3,-0.4975,0.84,0.25,4,-0.4424375,-0.38125,-0.55375,0.76485,-0.39,0.915
103,4,-0.395,0.6975,0.25,4,-0.3357125,-0.25125,-0.44875,0.676075,-0.2975,0.835
104,5,-0.305,0.6925,0.25,4,-0.2560125,-0.15625,-0.36625,0.62725,-0.21375,0.74
105,6,-0.22875,0.6175,0.25,4,-0.1948125,-0.085,-0.28375,0.593425,-0.175,0.71
106,7,-0.20125,0.5525,0.25,4,-0.1469,-0.0225,-0.23375,0.57455,-0.2,0.7075
107,8,-0.16875,0.5625,0.25,4,-0.1108125,0.00625,-0.2225,0.5697,-0.15125,0.6875
108,9,-0.17625,0.6225,0.25,4,-0.0904625,0.045,-0.1925,0.562525,-0.14625,0.67
109,10,-0.16875,0.6025,0.25,4,-0.0685375,0.07625,-0.17,0.5599,-0.1125,0.69
110,0,-1,2,0.25,4,-1,-1,-1,2,-1,2
111,1,-0.7775,1.2975,0.25,4,-0.7592,-0.71,-0.8075,1.278875,-0.775,1.3975
112,2,-0.58875,0.9225,0.25,4,-0.57735,-0.50375,-0.645,0.937,-0.525,1.0775
113,3,-0.46625,0.785,0.25,4,-0.4424375,-0.38125,-0.55375,0.76485,-0.39,0.915
114,4,-0.3225,0.69,0.25,4,-0.3357125,-0.25125,-0.44875,0.676075,-0.2975,0.835
115,5,-0.2525,0.595,0.25,4,-0.2560125,-0.15625,-0.36625,0.62725,-0.21375,0.74
116,6,-0.2075,0.53,0.25,4,-0.1948125,-0.085,-0.28375,0.593425,-0.175,0.71
117,7,-0.11375,0.625,0.25,4,-0.1469,-0.0225,-0.23375,0.57455,-0.2,0.7075
118,8,-0.09125,0.5575,0.25,4,-0.1108125,0.00625,-0.2225,0.5697,-0.15125,0.6875
119,9,-0.10625,0.5725,0.25,4,-0.0904625,0.045,-0.1925,0.562525,-0.14625,0.67
120,10,-0.10625,0.55,0.25,4,-0.0685375,0.07625,-0.17,0.5599,-0.1125,0.69
121,0,-1,2,0.25,4,-1,-1,-1,2,-1,2
122,1,-0.74375,1.2475,0.25,4,-0.7592,-0.71,-0.8075,1.278875,-0.775,1.3975
123,2,-0.5625,0.925,0.25,4,-0.57735,-0.50375,-0.645,0.937,-0.525,1.0775
124,3,-0.415,0.74,0.25,4,-0.4424375,-0.38125,-0.55375,0.76485,-0.39,0.915
125,4,-0.35375,0.7175,0.25,4,-0.3357125,-0.25125,-0.44875,0.676075,-0.2975,0.835
126,5,-0.23875,0.6675,0.25,4,-0.2560125,-0.15625,-0.36625,0.62725,-0.21375,0.74
127,6,-0.18,0.6325,0.25,4,-0.1948125,-0.085,-0.28375,0.593425,-0.175,0.71
128,7,-0.13625,0.605,0.25,4,-0.1469,-0.0225,-0.23375,0.57455,-0.2,0.7075
129,8,-0.1325,0.605,0.25,4,-0.1108125,0.00625,-0.2225,0.5697,-0.15125,0.6875
130,9,-0.14875,0.6,0.25,4,-0.0904625,0.045,-0.1925,0.562525,-0.14625,0.67
131,10,-0.1425,0.5675,0.25,4,-0.0685375,0.07625,-0.17,0.5599,-0.1125,0.69
132,0,-1,2,0.25,4,-1,-1,-1,2,-1,2
133,1,-0.7675,1.305,0.25,4,-0.7592,-0.71,-0.8075,1.278875,-0.775,1.3975
134,2,-0.605,0.965,0.25,4,-0.57735,-0.50375,-0.645,0.937,-0.525,1.0775
135,3,-0.395,0.6975,0.25,4,-0.4424375,-0.38125,-0.55375,0.76485,-0.39,0.915
136,4,-0.27125,0.6875,0.25,4,-0.3357125,-0.25125,-0.44875,0.676075,-0.2975,0.835
137,5,-0.18375,0.6125,0.25,4,-0.2560125,-0.15625,-0.36625,0.62725,-0.21375,0.74
138,6,-0.16125,0.61,0.25,4,-0.1948125,-0.085,-0.28375,0.593425,-0.175,0.71
139,7,-0.115,0.565,0.25,4,-0.1469,-0.0225,-0.23375,0.57455,-0.2,0.7075
140,8,-0.05,0.5175,0.25,4,-0.1108125,0.00625,-0.2225,0.5697,-0.15125,0.6875
141,9,-0.03875,0.52,0.25,4,-0.0904625,0.045,-0.1925,0.562525,-0.14625,0.67
142,10,0.02375,0.4325,0.25,4,-0.0685375,0.07625,-0.17,0.5599,-0.1125,0.69
143,0,-1,2,0.25,4,-1,-1,-1,2,-1,2
144,1,-0.7775,1.3075,0.25,4,-0.7592,-0.71,-0.8075,1.278875,-0.775,1.3975
145,2,-0.6225,0.97,0.25,4,-0.57735,-0.50375,-0.645,0.937,-0.525,1.0775
146,3,-0.49,0.76,0.25,4,-0.4424375,-0.38125,-0.55375,0.76485,-0.39,0.915
147,4,-0.35125,0.69,0.25,4,-0.3357125,-0.25125,-0.44875,0.676075,-0.2975,0.835
148,5,-0.26125,0.61,0.25,4,-0.2560125,-0.15625,-0.36625,0.62725,-0.21375,0.74
149,6,-0.19875,0.5475,0.25,4,-0.1948125,-0.085,-0.28375,0.593425,-0.175,0.71
150,7,-0.16125,0.595,0.25,4,-0.1469,-0.0225,-0.23375,0.57455,-0.2,0.7075
151,8,-0.0625,0.545,0.25,4,-0.1108125,0.00625,-0.2225,0.5697,-0.15125,0.6875
152,9,-0.05375,0.585,0.25,4,-0.0904625,0.045,-0.1925,0.562525,-0.14625,0.67
153,10,-0.0175,0.5575,0.25,4,-0.0685375,0.07625,-0.17,0.5599,-0.1125,0.69
154,0,-1,2,0.25,4,-1,-1,-1,2,-1,2
155,1,-0.75125,1.2225,0.25,4,-0.7592,-0.71,-0.8075,1.278875,-0.775,1.3975
156,2,-0.54625,0.8925,0.25,4,-0.57735,-0.50375,-0.645,0.937,-0.525,1.0775
157,3,-0.3975,0.7175,0.25,4,-0.4424375,-0.38125,-0.55375,0.76485,-0.39,0.915
158,4,-0.26875,0.62,0.25,4,-0.3357125,-0.25125,-0.44875,0.676075,-0.2975,0.835
159,5,-0.16,0.605,0.25,4,-0.2560125,-0.15625,-0.36625,0.62725,-0.21375,0.74
160,6,-0.085,0.58,0.25,4,-0.1948125,-0.085,-0.28375,0.593425,-0.175,0.71
161,7,-0.04875,0.545,0.25,4,-0.1469,-0.0225,-0.23375,0.57455,-0.2,0.7075
162,8,-0.0425,0.515,0.25,4,-0.1108125,0.00625,-0.2225,0.5697,-0.15125,0.6875
163,9,-0.02375,0.5,0.25,4,-0.0904625,0.045,-0.1925,0.562525,-0.14625,0.67
164,10,0.01,0.5575,0.25,4,-0.0685375,0.07625,-0.17,0.5599,-0.1125,0.69
165,0,-1,2,0.25,4,-1,-1,-1,2,-1,2
166,1,-0.73125,1.2025,0.25,4,-0.7592,-0.71,-0.8075,1.278875,-0.775,1.3975
167,2,-0.5075,0.8175,0.25,4,-0.57735,-0.50375,-0.645,0.937,-0.525,1.0775
168,3,-0.3825,0.7225,0.25,4,-0.4424375,-0.38125,-0.55375,0.76485,-0.39,0.915
169,4,-0.2875,0.62,0.25,4,-0.3357125,-0.25125,-0.44875,0.676075,-0.2975,0.835
170,5,-0.20375,0.6475,0.25,4,-0.2560125,-0.15625,-0.36625,0.62725,-0.21375,0.74
171,6,-0.20875,0.6075,0.25,4,-0.1948125,-0.085,-0.28375,0.593425,-0.175,0.71
172,7,-0.125,0.5375,0.25,4,-0.1469,-0.0225,-0.23375,0.57455,-0.2,0.7075
173,8,-0.0975,0.5675,0.25,4,-0.1108125,0.00625,-0.2225,0.5697,-0.15125,0.6875
174,9,-0.0375,0.5675,0.25,4,-0.0904625,0.045,-0.1925,0.562525,-0.14625,0.67
175,10,-0.07875,0.5375,0.25,4,-0.0685375,0.07625,-0.17,0.5599,-0.1125,0.69
176,0,-1,2,0.25,4,-1,-1,-1,2,-1,2
177,1,-0.77625,1.295,0.25,4,-0.7592,-0.71,-0.8075,1.278875,-0.775,1.3975
178,2,-0.57875,0.9375,0.25,4,-0.57735,-0.50375,-0.645,0.937,-0.525,1.0775
179,3,-0.4575,0.725,0.25,4,-0.4424375,-0.38125,-0.55375,0.76485,-0.39,0.915
180,4,-0.3275,0.725,0.25,4,-0.3357125,-0.25125,-0.44875,0.676075,-0.2975,0.835
181,5,-0.235,0.6,0.25,4,-0.2560125,-0.15625,-0.36625,0.62725,-0.21375,0.74
182,6,-0.13625,0.54,0.25,4,-0.1948125,-0.085,-0.28375,0.593425,-0.175,0.71
183,7,-0.0775,0.5625,0.25,4,-0.1469,-0.0225,-0.23375,0.57455,-0.2,0.7075
184,8,-0.035,0.575,0.25,4,-0.1108125,0.00625,-0.2225,0.5697,-0.15125,0.6875
185,9,-0.005,0.5375,0.25,4,-0.0904625,0.045,-0.1925,0.562525,-0.14625,0.67
186,10,0.03125,0.59,0.25,4,-0.0685375,0.07625,-0.17,0.5599,-0.1125,0.69
187,0,-1,2,0.25,4,-1,-1,-1,2,-1,2
188,1,-0.78375,1.3625,0.25,4,-0.7592,-0.71,-0.8075,1.278875,-0.775,1.3975
189,2,-0.565,0.95,0.25,4,-0.57735,-0.50375,-0.645,0.937,-0.525,1.0775
190,3,-0.45125,0.7275,0.25,4,-0.4424375,-0.38125,-0.55375,0.76485,-0.39,0.915
191,4,-0.35,0.7125,0.25,4,-0.3357125,-0.25125,-0.44875,0.676075,-0.2975,0.835
192,5,-0.33625,0.68,0.25,4,-0.2560125,-0.15625,-0.36625,0.62725,-0.21375,0.74
193,6,-0.28375,0.685,0.25,4,-0.1948125,-0.085,-0.28375,0.593425,-0.175,0.71
194,7,-0.22375,0.7075,0.25,4,-0.1469,-0.0225,-0.23375,0.57455,-0.2,0.7075
195,8,-0.17625,0.6075,0.25,4,-0.1108125,0.00625,-0.2225,0.5697,-0.15125,0.6875
196,9,-0.14875,0.65,0.25,4,-0.0904625,0.045,-0.1925,0.562525,-0.14625,0.67
197,10,-0.11125,0.565,0.25,4,-0.0685375,0.07625,-0.17,0.5599,-0.1125,0.69
198,0,-1,2,0.25,4,-1,-1,-1,2,-1,2
199,1,-0.75125,1.2475,0.25,4,-0.7592,-0.71,-0.8075,1.278875,-0.775,1.3975
200,2,-0.55125,0.96,0.25,4,-0.57735,-0.50375,-0.645,0.937,-0.525,1.0775
201,3,-0.4425,0.755,0.25,4,-0.4424375,-0.38125,-0.55375,0.76485,-0.39,0.915
202,4,-0.325,0.665,0.25,4,-0.3357125,-0.25125,-0.44875,0.676075,-0.2975,0.835
203,5,-0.23125,0.635,0.25,4,-0.2560125,-0.15625,-0.36625,0.62725,-0.21375,0.74
204,6,-0.18,0.605,0.25,4,-0.1948125,-0.085,-0.28375,0.593425,-0.175,0.71
205,7,-0.165,0.62,0.25,4,-0.1469,-0.0225,-0.23375,0.57455,-0.2,0.7075
206,8,-0.1575,0.6075,0.25,4,-0.1108125,0.00625,-0.2225,0.5697,-0.15125,0.6875
207,9,-0.17375,0.5675,0.25,4,-0.0904625,0.045,-0.1925,0.562525,-0.14625,0.67
208,10,-0.17,0.5725,0.25,4,-0.0685375,0.07625,-0.17,0.5599,-0.1125,0.69
209,0,-1,2,0.25,4,-1,-1,-1,2,-1,2
210,1,-0.7525,1.2875,0.25,4,-0.7592,-0.71,-0.8075,1.278875,-0.775,1.3975
211,2,-0.565,0.965,0.25,4,-0.57735,-0.50375,-0.645,0.937,-0.525,1.0775
212,3,-0.405,0.7225,0.25,4,-0.4424375,-0.38125,-0.55375,0.76485,-0.39,0.915
213,4,-0.3475,0.7175,0.25,4,-0.3357125,-0.25125,-0.44875,0.676075,-0.2975,0.835
214,5,-0.2525,0.6775,0.25,4,-0.2560125,-0.15625,-0.36625,0.62725,-0.21375,0.74
215,6,-0.20125,0.615,0.25,4,-0.1948125,-0.085,-0.28375,0.593425,-0.175,0.71
216,7,-0.17,0.5375,0.25,4,-0.1469,-0.0225,-0.23375,0.57455,-0.2,0.7075
217,8,-0.08125,0.54,0.25,4,-0.1108125,0.00625,-0.2225,0.5697,-0.15125,0.6875
218,9,-0.04125,0.495,0.25,4,-0.0904625,0.045,-0.1925,0.562525,-0.14625,0.67
219,10,-0.03875,0.5075,0.25,4,-0.0685375,0.07625,-0.17,0.5599,-0.1125,0.69
220,0,-1,2,0.25,4,-1,-1,-1,2,-1,2
221,1,-0.7525,1.2825,0.25,4,-0.7592,-0.71,-0.8075,1.278875,-0.775,1.3975
222,2,-0.62375,1.035,0.25,4,-0.57735,-0.50375,-0.645,0.937,-0.525,1.0775
223,3,-0.48,0.84,0.25,4,-0.4424375,-0.38125,-0.55375,0.76485,-0.39,0.915
224,4,-0.38,0.7425,0.25,4,-0.3357125,-0.25125,-0.44875,0.676075,-0.2975,0.835
225,5,-0.295,0.6825,0.25,4,-0.2560125,-0.15625,-0.36625,0.62725,-0.21375,0.74
226,6,-0.2525,0.595,0.25,4,-0.1948125,-0.085,-0.28375,0.593425,-0.175,0.71
227,7,-0.2175,0.55,0.25,4,-0.1469,-0.0225,-0.23375,0.57455,-0.2,0.7075
228,8,-0.19125,0.495,0.25,4,-0.1108125,0.00625,-0.2225,0.5697,-0.15125,0.6875
229,9,-0.15375,0.5075,0.25,4,-0.0904625,0.045,-0.1925,0.562525,-0.14625,0.67
230,10,-0.055,0.6,0.25,4,-0.0685375,0.07625,-0.17,0.5599,-0.1125,0.69
231,0,-1,2,0.25,4,-1,-1,-1,2,-1,2
232,1,-0.72125,1.1825,0.25,4,-0.7592,-0.71,-0.8075,1.278875,-0.775,1.3975
233,2,-0.585,0.95,0.25,4,-0.57735,-0.50375,-0.645,0.937,-0.525,1.0775
234,3,-0.47875,0.7825,0.25,4,-0.4424375,-0.38125,-0.55375,0.76485,-0.39,0.915
235,4,-0.39125,0.71,0.25,4,-0.3357125,-0.25125,-0.44875,0.676075,-0.2975,0.835
236,5,-0.325,0.6225,0.25,4,-0.2560125,-0.15625,-0.36625,0.62725,-0.21375,0.74
237,6,-0.2175,0.6025,0.25,4,-0.1948125,-0.085,-0.28375,0.593425,-0.175,0.71
238,7,-0.1975,0.6275,0.25,4,-0.1469,-0.0225,-0.23375,0.57455,-0.2,0.7075
239,8,-0.16,0.5875,0.25,4,-0.1108125,0.00625,-0.2225,0.5697,-0.15125,0.6875
240,9,-0.13,0.575,0.25,4,-0.0904625,0.045,-0.1925,0.562525,-0.14625,0.67
241,10,-0.1275,0.52,0.25,4,-0.0685375,0.07625,-0.17,0.5599,-0.1125,0.69
242,0,-1,2,0.25,4,-1,-1,-1,2,-1,2
243,1,-0.765,1.295,0.25,4,-0.7592,-0.71,-0.8075,1.278875,-0.775,1.3975
244,2,-0.605,1.0175,0.25,4,-0.57735,-0.50375,-0.645,0.937,-0.525,1.0775
245,3,-0.47625,0.7875,0.25,4,-0.4424375,-0.38125,-0.55375,0.76485,-0.39,0.915
246,4,-0.35125,0.7025,0.25,4,-0.3357125,-0.25125,-0.44875,0.676075,-0.2975,0.835
247,5,-0.30125,0.655,0.25,4,-0.2560125,-0.15625,-0.36625,0.62725,-0.21375,0.74
248,6,-0.1625,0.62,0.25,4,-0.1948125,-0.085,-0.28375,0.593425,-0.175,0.71
249,7,-0.14125,0.63,0.25,4,-0.1469,-0.0225,-0.23375,0.57455,-0.2,0.7075
250,8,-0.065,0.6825,0.25,4,-0.1108125,0.00625,-0.2225,0.5697,-0.15125,0.6875
251,9,-0.06125,0.5825,0.25,4,-0.0904625,0.045,-0.1925,0.562525,-0.14625,0.67
252,10,-0.025,0.6075,0.25,4,-0.0685375,0.07625,-0.17,0.5599,-0.1125,0.69
253,0,-1,2,0.25,4,-1,-1,-1,2,-1,2
254,1,-0.74625,1.2875,0.25,4,-0.7592,-0.71,-0.8075,1.278875,-0.775,1.3975
255,2,-0.565,0.855,0.25,4,-0.57735,-0.50375,-0.645,0.937,-0.525,1.0775
256,3,-0.43,0.715,0.25,4,-0.4424375,-0.38125,-0.55375,0.76485,-0.39,0.915
257,4,-0.375,0.685,0.25,4,-0.3357125,-0.25125,-0.44875,0.676075,-0.2975,0.835
258,5,-0.23625,0.5725,0.25,4,-0.2560125,-0.15625,-0.36625,0.62725,-0.21375,0.74
259,6,-0.125,0.4775,0.25,4,-0.1948125,-0.085,-0.28375,0.593425,-0.175,0.71
260,7,-0.08375,0.5225,0.25,4,-0.1469,-0.0225,-0.23375,0.57455,-0.2,0.7075
261,8,-0.0075,0.5025,0.25,4,-0.1108125,0.00625,-0.2225,0.5697,-0.15125,0.6875
262,9,-0.0875,0.5475,0.25,4,-0.0904625,0.045,-0.1925,0.562525,-0.14625,0.67
263,10,-0.01,0.465,0.25,4,-0.0685375,0.07625,-0.17,0.5599,-0.1125,0.69
264,0,-1,2,0.25,4,-1,-1,-1,2,-1,2
265,1,-0.7525,1.31,0.25,4,-0.7592,-0.71,-0.8075,1.278875,-0.775,1.3975
266,2,-0.6225,1.0775,0.25,4,-0.57735,-0.50375,-0.645,0.937,-0.525,1.0775
267,3,-0.55375,0.915,0.25,4,-0.4424375,-0.38125,-0.55375,0.76485,-0.39,0.915
268,4,-0.44875,0.835,0.25,4,-0.3357125,-0.25125,-0.44875,0.676075,-0.2975,0.835
269,5,-0.3225,0.6575,0.25,4,-0.2560125,-0.15625,-0.36625,0.62725,-0.21375,0.74
270,6,-0.21125,0.615,0.25,4,-0.1948125,-0.085,-0.28375,0.593425,-0.175,0.71
271,7,-0.17375,0.5525,0.25,4,-0.1469,-0.0225,-0.23375,0.57455,-0.2,0.7075
272,8,-0.1075,0.6025,0.25,4,-0.1108125,0.00625,-0.2225,0.5697,-0.15125,0.6875
273,9,-0.085,0.5425,0.25,4,-0.0904625,0.045,-0.1925,0.562525,-0.14625,0.67
274,10,-0.0775,0.565,0.25,4,-0.0685375,0.07625,-0.17,0.5599,-0.1125,0.69
275,0,-1,2,0.25,4,-1,-1,-1,2,-1,2
276,1,-0.775,1.3025,0.25,4,-0.7592,-0.71,-0.8075,1.278875,-0.775,1.3975
277,2,-0.57125,0.9375,0.25,4,-0.57735,-0.50375,-0.645,0.937,-0.525,1.0775
278,3,-0.47,0.78,0.25,4,-0.4424375,-0.38125,-0.55375,0.76485,-0.39,0.915
279,4,-0.35125,0.66,0.25,4,-0.3357125,-0.25125,-0.44875,0.676075,-0.2975,0.835
280,5,-0.3,0.7,0.25,4,-0.2560125,-0.15625,-0.36625,0.62725,-0.21375,0.74
281,6,-0.16875,0.5775,0.25,4,-0.1948125,-0.085,-0.28375,0.593425,-0.175,0.71
282,7,-0.14,0.56,0.25,4,-0.1469,-0.0225,-0.23375,0.57455,-0.2,0.7075
283,8,-0.0825,0.53,0.25,4,-0.1108125,0.00625,-0.2225,0.5697,-0.15125,0.6875
284,9,-0.08875,0.545,0.25,4,-0.0904625,0.045,-0.1925,0.562525,-0.14625,0.67
285,10,-0.0475,0.5325,0.25,4,-0.0685375,0.07625,-0.17,0.5599,-0.1125,0.69
286,0,-1,2,0.25,4,-1,-1,-1,2,-1,2
287,1,-0.775,1.3225,0.25,4,-0.7592,-0.71,-0.8075,1.278875,-0.775,1.3975
288,2,-0.575,0.905,0.25,4,-0.57735,-0.50375,-0.645,0.937,-0.525,1.0775
289,3,-0.47,0.795,0.25,4,-0.4424375,-0.38125,-0.55375,0.76485,-0.39,0.915
290,4,-0.43375,0.8075,0.25,4,-0.3357125,-0.25125,-0.44875,0.676075,-0.2975,0.835
291,5,-0.29375,0.6425,0.25,4,-0.2560125,-0.15625,-0.36625,0.62725,-0.21375,0.74
292,6,-0.19875,0.6175,0.25,4,-0.1948125,-0.085,-0.28375,0.593425,-0.175,0.71
293,7,-0.17625,0.6025,0.25,4,-0.1469,-0.0225,-0.23375,0.57455,-0.2,0.7075
294,8,-0.14,0.5675,0.25,4,-0.1108125,0.00625,-0.2225,0.5697,-0.15125,0.6875
295,9,-0.065,0.48,0.25,4,-0.0904625,0.045,-0.1925,0.562525,-0.14625,0.67
296,10,-0.025,0.5,0.25,4,-0.0685375,0.07625,-0.17,0.5599,-0.1125,0.69
297,0,-1,2,0.25,4,-1,-1,-1,2,-1,2
298,1,-0.77,1.3025,0.25,4,-0.7592,-0.71,-0.8075,1.278875,-0.775,1.3975
299,2,-0.59875,0.9725,0.25,4,-0.57735,-0.50375,-0.645,0.937,-0.525,1.0775
300,3,-0.4775,0.7775,0.25,4,-0.4424375,-0.38125,-0.55375,0.76485,-0.39,0.915
301,4,-0.34125,0.655,0.25,4,-0.3357125,-0.25125,-0.44875,0.676075,-0.2975,0.835
302,5,-0.22875,0.5775,0.25,4,-0.2560125,-0.15625,-0.36625,0.62725,-0.21375,0.74
303,6,-0.2025,0.575,0.25,4,-0.1948125,-0.085,-0.28375,0.593425,-0.175,0.71
304,7,-0.05625,0.5575,0.25,4,-0.1469,-0.0225,-0.23375,0.57455,-0.2,0.7075
305,8,-0.07875,0.61,0.25,4,-0.1108125,0.00625,-0.2225,0.5697,-0.15125,0.6875
306,9,-0.03125,0.52,0.25,4,-0.0904625,0.045,-0.1925,0.562525,-0.14625,0.67
307,10,-0.025,0.4975,0.25,4,-0.0685375,0.07625,-0.17,0.5599,-0.1125,0.69
308,0,-1,2,0.25,4,-1,-1,-1,2,-1,2
309,1,-0.77625,1.285,0.25,4,-0.7592,-0.71,-0.8075,1.278875,-0.775,1.3975
310,2,-0.5625,0.875,0.25,4,-0.57735,-0.50375,-0.645,0.937,-0.525,1.0775
311,3,-0.39625,0.735,0.25,4,-0.4424375,-0.38125,-0.55375,0.76485,-0.39,0.915
312,4,-0.2925,0.6375,0.25,4,-0.3357125,-0.25125,-0.44875,0.676075,-0.2975,0.835
313,5,-0.28125,0.7025,0.25,4,-0.2560125,-0.15625,-0.36625,0.62725,-0.21375,0.74
314,6,-0.22625,0.6175,0.25,4,-0.1948125,-0.085,-0.28375,0.593425,-0.175,0.71
315,7,-0.165,0.5125,0.25,4,-0.1469,-0.0225,-0.23375,0.57455,-0.2,0.7075
316,8,-0.14,0.625,0.25,4,-0.1108125,0.00625,-0.2225,0.5697,-0.15125,0.6875
317,9,-0.105,0.6425,0.25,4,-0.0904625,0.045,-0.1925,0.562525,-0.14625,0.67
318,10,-0.06375,0.5775,0.25,4,-0.0685375,0.07625,-0.17,0.5599,-0.1125,0.69
319,0,-1,2,0.25,4,-1,-1,-1,2,-1,2
320,1,-0.75625,1.265,0.25,4,-0.7592,-0.71,-0.8075,1.278875,-0.775,1.3975
321,2,-0.57875,0.97,0.25,4,-0.57735,-0.50375,-0.645,0.937,-0.525,1.0775
322,3,-0.42125,0.77,0.25,4,-0.4424375,-0.38125,-0.55375,0.76485,-0.39,0.915
323,4,-0.29125,0.6875,0.25,4,-0.3357125,-0.25125,-0.44875,0.676075,-0.2975,0.835
324,5,-0.24375,0.6625,0.25,4,-0.2560125,-0.15625,-0.36625,0.62725,-0.21375,0.74
325,6,-0.1625,0.565,0.25,4,-0.1948125,-0.085,-0.28375,0.593425,-0.175,0.71
326,7,-0.10625,0.5675,0.25,4,-0.1469,-0.0225,-0.23375,0.57455,-0.2,0.7075
327,8,-0.02,0.5475,0.25,4,-0.1108125,0.00625,-0.2225,0.5697,-0.15125,0.6875
328,9,-0.02875,0.5075,0.25,4,-0.0904625,0.045,-0.1925,0.562525,-0.14625,0.67
329,10,-0.04625,0.5225,0.25,4,-0.0685375,0.07625,-0.17,0.5599,-0.1125,0.69
330,0,-1,2,0.25,4,-1,-1,-1,2,-1,2
331,1,-0.7825,1.32,0.25,4,-0.7592,-0.71,-0.8075,1.278875,-0.775,1.3975
332,2,-0.5975,0.9525,0.25,4,-0.57735,-0.50375,-0.645,0.937,-0.525,1.0775
333,3,-0.43875,0.7375,0.25,4,-0.4424375,-0.38125,-0.55375,0.76485,-0.39,0.915
334,4,-0.3025,0.66,0.25,4,-0.3357125,-0.25125,-0.44875,0.676075,-0.2975,0.835
335,5,-0.29125,0.65,0.25,4,-0.2560125,-0.15625,-0.36625,0.62725,-0.21375,0.74
336,6,-0.2575,0.625,0.25,4,-0.1948125,-0.085,-0.28375,0.593425,-0.175,0.71
337,7,-0.21625,0.6225,0.25,4,-0.1469,-0.0225,-0.23375,0.57455,-0.2,0.7075
338,8,-0.19625,0.59,0.25,4,-0.1108125,0.00625,-0.2225,0.5697,-0.15125,0.6875
339,9,-0.15625,0.575,0.25,4,-0.0904625,0.045,-0.1925,0.562525,-0.14625,0.67
340,10,-0.12875,0.625,0.25,4,-0.0685375,0.07625,-0.17,0.5599,-0.1125,0.69
341,0,-1,2,0.25,4,-1,-1,-1,2,-1,2
342,1,-0.7475,1.2475,0.25,4,-0.7592,-0.71,-0.8075,1.278875,-0.775,1.3975
343,2,-0.56375,0.9025,0.25,4,-0.57735,-0.50375,-0.645,0.937,-0.525,1.0775
344,3,-0.3825,0.6925,0.25,4,-0.4424375,-0.38125,-0.55375,0.76485,-0.39,0.915
345,4,-0.305,0.5875,0.25,4,-0.3357125,-0.25125,-0.44875,0.676075,-0.2975,0.835
346,5,-0.1825,0.5325,0.25,4,-0.2560125,-0.15625,-0.36625,0.62725,-0.21375,0.74
347,6,-0.12125,0.575,0.25,4,-0.1948125,-0.085,-0.28375,0.593425,-0.175,0.71
348,7,-0.095,0.55,0.25,4,-0.1469,-0.0225,-0.23375,0.57455,-0.2,0.7075
349,8,-0.1375,0.565,0.25,4,-0.1108125,0.00625,-0.2225,0.5697,-0.15125,0.6875
350,9,-0.05375,0.5875,0.25,4,-0.0904625,0.045,-0.1925,0.562525,-0.14625,0.67
351,10,-0.06,0.565,0.25,4,-0.0685375,0.07625,-0.17,0.5599,-0.1125,0.69
352,0,-1,2,0.25,4,-1,-1,-1,2,-1,2
353,1,-0.77125,1.27,0.25,4,-0.7592,-0.71,-0.8075,1.278875,-0.775,1.3975
354,2,-0.6,0.915,0.25,4,-0.57735,-0.50375,-0.645,0.937,-0.525,1.0775
355,3,-0.5225,0.855,0.25,4,-0.4424375,-0.38125,-0.55375,0.76485,-0.39,0.915
356,4,-0.4125,0.745,0.25,4,-0.3357125,-0.25125,-0.44875,0.676075,-0.2975,0.835
357,5,-0.36625,0.72,0.25,4,-0.2560125,-0.15625,-0.36625,0.62725,-0.21375,0.74
358,6,-0.20875,0.5575,0.25,4,-0.1948125,-0.085,-0.28375,0.593425,-0.175,0.71
359,7,-0.215,0.5975,0.25,4,-0.1469,-0.0225,-0.23375,0.57455,-0.2,0.7075
360,8,-0.1475,0.575,0.25,4,-0.1108125,0.00625,-0.2225,0.5697,-0.15125,0.6875
361,9,-0.12625,0.5725,0.25,4,-0.0904625,0.045,-0.1925,0.562525,-0.14625,0.67
362,10,-0.055,0.6225,0.25,4,-0.0685375,0.07625,-0.17,0.5599,-0.1125,0.69
363,0,-1,2,0.25,4,-1,-1,-1,2,-1,2
364,1,-0.74625,1.2475,0.25,4,-0.7592,-0.71,-0.8075,1.278875,-0.775,1.3975
365,2,-0.585,1.015,0.25,4,-0.57735,-0.50375,-0.645,0.937,-0.525,1.0775
366,3,-0.4175,0.7,0.25,4,-0.4424375,-0.38125,-0.55375,0.76485,-0.39,0.915
367,4,-0.29375,0.645,0.25,4,-0.3357125,-0.25125,-0.44875,0.676075,-0.2975,0.835
368,5,-0.2175,0.5725,0.25,4,-0.2560125,-0.15625,-0.36625,0.62725,-0.21375,0.74
369,6,-0.14875,0.535,0.25,4,-0.1948125,-0.085,-0.28375,0.593425,-0.175,0.71
370,7,-0.15625,0.4875,0.25,4,-0.1469,-0.0225,-0.23375,0.57455,-0.2,0.7075
371,8,-0.1425,0.5675,0.25,4,-0.1108125,0.00625,-0.2225,0.5697,-0.15125,0.6875
372,9,-0.0775,0.5325,0.25,4,-0.0904625,0.045,-0.1925,0.562525,-0.14625,0.67
373,10,-0.07,0.5525,0.25,4,-0.0685375,0.07625,-0.17,0.5599,-0.1125,0.69
374,0,-1,2,0.25,4,-1,-1,-1,2,-1,2
375,1,-0.745,1.255,0.25,4,-0.7592,-0.71,-0.8075,1.278875,-0.775,1.3975
376,2,-0.59625,1,0.25,4,-0.57735,-0.50375,-0.645,0.937,-0.525,1.0775
377,3,-0.48,0.795,0.25,4,-0.4424375,-0.38125,-0.55375,0.76485,-0.39,0.915
378,4,-0.36875,0.6425,0.25,4,-0.3357125,-0.25125,-0.44875,0.676075,-0.2975,0.835
379,5,-0.29625,0.585,0.25,4,-0.2560125,-0.15625,-0.36625,0.62725,-0.21375,0.74
380,6,-0.2125,0.62,0.25,4,-0.1948125,-0.085,-0.28375,0.593425,-0.175,0.71
381,7,-0.20375,0.5575,0.25,4,-0.1469,-0.0225,-0.23375,0.57455,-0.2,0.7075
382,8,-0.1575,0.5925,0.25,4,-0.1108125,0.00625,-0.2225,0.5697,-0.15125,0.6875
383,9,-0.1575,0.555,0.25,4,-0.0904625,0.045,-0.1925,0.562525,-0.14625,0.67
384,10,-0.145,0.545,0.25,4,-0.0685375,0.07625,-0.17,0.5599,-0.1125,0.69
385,0,-1,2,0.25,4,-1,-1,-1,2,-1,2
386,1,-0.75625,1.2925,0.25,4,-0.7592,-0.71,-0.8075,1.278875,-0.775,1.3975
387,2,-0.645,1.0325,0.25,4,-0.57735,-0.50375,-0.645,0.937,-0.525,1.0775
388,3,-0.5025,0.8175,0.25,4,-0.4424375,-0.38125,-0.55375,0.76485,-0.39,0.915
389,4,-0.3075,0.6225,0.25,4,-0.3357125,-0.25125,-0.44875,0.676075,-0.2975,0.835
390,5,-0.22875,0.6075,0.25,4,-0.2560125,-0.15625,-0.36625,0.62725,-0.21375,0.74
391,6,-0.28,0.6,0.25,4,-0.1948125,-0.085,-0.28375,0.593425,-0.175,0.71
392,7,-0.16,0.5175,0.25,4,-0.1469,-0.0225,-0.23375,0.57455,-0.2,0.7075
393,8,-0.11375,0.5,0.25,4,-0.1108125,0.00625,-0.2225,0.5697,-0.15125,0.6875
394,9,-0.08,0.52,0.25,4,-0.0904625,0.045,-0.1925,0.562525,-0.14625,0.67
395,10,-0.035,0.5675,0.25,4,-0.0685375,0.07625,-0.17,0.5599,-0.1125,0.69
396,0,-1,2,0.25,4,-1,-1,-1,2,-1,2
397,1,-0.71,1.1475,0.25,4,-0.7592,-0.71,-0.8075,1.278875,-0.775,1.3975
398,2,-0.50375,0.835,0.25,4,-0.57735,-0.50375,-0.645,0.937,-0.525,1.0775
399,3,-0.38125,0.7325,0.25,4,-0.4424375,-0.38125,-0.55375,0.76485,-0.39,0.915
400,4,-0.285,0.635,0.25,4,-0.3357125,-0.25125,-0.44875,0.676075,-0.2975,0.835
401,5,-0.26125,0.5575,0.25,4,-0.2560125,-0.15625,-0.36625,0.62725,-0.21375,0.74
402,6,-0.24375,0.6325,0.25,4,-0.1948125,-0.085,-0.28375,0.593425,-0.175,0.71
403,7,-0.13625,0.5275,0.25,4,-0.1469,-0.0225,-0.23375,0.57455,-0.2,0.7075
404,8,-0.10375,0.5575,0.25,4,-0.1108125,0.00625,-0.2225,0.5697,-0.15125,0.6875
405,9,-0.12375,0.525,0.25,4,-0.0904625,0.045,-0.1925,0.562525,-0.14625,0.67
406,10,-0.07375,0.545,0.25,4,-0.0685375,0.07625,-0.17,0.5599,-0.1125,0.69
407,0,-1,2,0.25,4,-1,-1,-1,2,-1,2
408,1,-0.77625,1.31,0.25,4,-0.7592,-0.71,-0.8075,1.278875,-0.775,1.3975
409,2,-0.59125,0.9675,0.25,4,-0.57735,-0.50375,-0.645,0.937,-0.525,1.0775
410,3,-0.40125,0.765,0.25,4,-0.4424375,-0.38125,-0.55375,0.76485,-0.39,0.915
411,4,-0.28625,0.6575,0.25,4,-0.3357125,-0.25125,-0.44875,0.676075,-0.2975,0.835
412,5,-0.165,0.56,0.25,4,-0.2560125,-0.15625,-0.36625,0.62725,-0.21375,0.74
413,6,-0.09,0.565,0.25,4,-0.1948125,-0.085,-0.28375,0.593425,-0.175,0.71
414,7,-0.045,0.565,0.25,4,-0.1469,-0.0225,-0.23375,0.57455,-0.2,0.7075
415,8,0.00625,0.5775,0.25,4,-0.1108125,0.00625,-0.2225,0.5697,-0.15125,0.6875
416,9,0.00625,0.54,0.25,4,-0.0904625,0.045,-0.1925,0.562525,-0.14625,0.67
417,10,0.02875,0.575,0.25,4,-0.0685375,0.07625,-0.17,0.5599,-0.1125,0.69
418,0,-1,2,0.25,4,-1,-1,-1,2,-1,2
419,1,-0.76375,1.2675,0.25,4,-0.7592,-0.71,-0.8075,1.278875,-0.775,1.3975
420,2,-0.55375,0.9225,0.25,4,-0.57735,-0.50375,-0.645,0.937,-0.525,1.0775
421,3,-0.44875,0.74,0.25,4,-0.4424375,-0.38125,-0.55375,0.76485,-0.39,0.915
422,4,-0.3225,0.6275,0.25,4,-0.3357125,-0.25125,-0.44875,0.676075,-0.2975,0.835
423,5,-0.2825,0.69,0.25,4,-0.2560125,-0.15625,-0.36625,0.62725,-0.21375,0.74
424,6,-0.24375,0.5925,0.25,4,-0.1948125,-0.085,-0.28375,0.593425,-0.175,0.71
425,7,-0.20375,0.56,0.25,4,-0.1469,-0.0225,-0.23375,0.57455,-0.2,0.7075
426,8,-0.19,0.5575,0.25,4,-0.1108125,0.00625,-0.2225,0.5697,-0.15125,0.6875
427,9,-0.1725,0.65,0.25,4,-0.0904625,0.045,-0.1925,0.562525,-0.14625,0.67
428,10,-0.1325,0.63,0.25,4,-0.0685375,0.07625,-0.17,0.5599,-0.1125,0.69
429,0,-1,2,0.25,4,-1,-1,-1,2,-1,2
430,1,-0.76,1.2925,0.25,4,-0.7592,-0.71,-0.8075,1.278875,-0.775,1.3975
431,2,-0.60625,0.995,0.25,4,-0.57735,-0.50375,-0.645,0.937,-0.525,1.0775
432,3,-0.4325,0.74,0.25,4,-0.4424375,-0.38125,-0.55375,0.76485,-0.39,0.915
433,4,-0.2825,0.6175,0.25,4,-0.3357125,-0.25125,-0.44875,0.676075,-0.2975,0.835
434,5,-0.2025,0.6225,0.25,4,-0.2560125,-0.15625,-0.36625,0.62725,-0.21375,0.74
435,6,-0.19375,0.67,0.25,4,-0.1948125,-0.085,-0.28375,0.593425,-0.175,0.71
436,7,-0.1625,0.6025,0.25,4,-0.1469,-0.0225,-0.23375,0.57455,-0.2,0.7075
437,8,-0.11875,0.5625,0.25,4,-0.1108125,0.00625,-0.2225,0.5697,-0.15125,0.6875
438,9,-0.11875,0.6,0.25,4,-0.0904625,0.045,-0.1925,0.562525,-0.14625,0.67
439,10,-0.0775,0.5375,0.25,4,-0.0685375,0.07625,-0.17,0.5599,-0.1125,0.69
440,0,-1,2,0.25,4,-1,-1,-1,2,-1,2
441,1,-0.755,1.2525,0.25,4,-0.7592,-0.71,-0.8075,1.278875,-0.775,1.3975
442,2,-0.5075,0.84,0.25,4,-0.57735,-0.50375,-0.645,0.937,-0.525,1.0775
443,3,-0.40375,0.7675,0.25,4,-0.4424375,-0.38125,-0.55375,0.76485,-0.39,0.915
444,4,-0.31,0.6675,0.25,4,-0.3357125,-0.25125,-0.44875,0.676075,-0.2975,0.835
445,5,-0.2275,0.5675,0.25,4,-0.2560125,-0.15625,-0.36625,0.62725,-0.21375,0.74
446,6,-0.19875,0.535,0.25,4,-0.1948125,-0.085,-0.28375,0.593425,-0.175,0.71
447,7,-0.165,0.6425,0.25,4,-0.1469,-0.0225,-0.23375,0.57455,-0.2,0.7075
448,8,-0.1275,0.6075,0.25,4,-0.1108125,0.00625,-0.2225,0.5697,-0.15125,0.6875
449,9,-0.12125,0.55,0.25,4,-0.0904625,0.045,-0.1925,0.562525,-0.14625,0.67
450,10,-0.11375,0.58,0.25,4,-0.0685375,0.07625,-0.17,0.5599,-0.1125,0.69
451,0,-1,2,0.25,4,-1,-1,-1,2,-1,2
452,1,-0.7875,1.345,0.25,4,-0.7592,-0.71,-0.8075,1.278875,-0.775,1.3975
453,2,-0.62125,1.0175,0.25,4,-0.57735,-0.50375,-0.645,0.937,-0.525,1.0775
454,3,-0.4575,0.79,0.25,4,-0.4424375,-0.38125,-0.55375,0.76485,-0.39,0.915
455,4,-0.36375,0.675,0.25,4,-0.3357125,-0.25125,-0.44875,0.676075,-0.2975,0.835
456,5,-0.2825,0.65,0.25,4,-0.2560125,-0.15625,-0.36625,0.62725,-0.21375,0.74
457,6,-0.2325,0.6325,0.25,4,-0.1948125,-0.085,-0.28375,0.593425,-0.175,0.71
458,7,-0.19125,0.6575,0.25,4,-0.1469,-0.0225,-0.23375,0.57455,-0.2,0.7075
459,8,-0.1475,0.55,0.25,4,-0.1108125,0.00625,-0.2225,0.5697,-0.15125,0.6875
460,9,-0.105,0.535,0.25,4,-0.0904625,0.045,-0.1925,0.562525,-0.14625,0.67
461,10,-0.10875,0.5225,0.25,4,-0.0685375,0.07625,-0.17,0.5599,-0.1125,0.69
462,0,-1,2,0.25,4,-1,-1,-1,2,-1,2
463,1,-0.785,1.335,0.25,4,-0.7592,-0.71,-0.8075,1.278875,-0.775,1.3975
464,2,-0.58,0.955,0.25,4,-0.57735,-0.50375,-0.645,0.937,-0.525,1.0775
465,3,-0.47125,0.7725,0.25,4,-0.4424375,-0.38125,-0.55375,0.76485,-0.39,0.915
466,4,-0.355,0.64,0.25,4,-0.3357125,-0.25125,-0.44875,0.676075,-0.2975,0.835
467,5,-0.24375,0.4925,0.25,4,-0.2560125,-0.15625,-0.36625,0.62725,-0.21375,0.74
468,6,-0.17125,0.5525,0.25,4,-0.1948125,-0.085,-0.28375,0.593425,-0.175,0.71
469,7,-0.13625,0.4975,0.25,4,-0.1469,-0.0225,-0.23375,0.57455,-0.2,0.7075
470,8,-0.10375,0.48,0.25,4,-0.1108125,0.00625,-0.2225,0.5697,-0.15125,0.6875
471,9,-0.13875,0.545,0.25,4,-0.0904625,0.045,-0.1925,0.562525,-0.14625,0.67
472,10,-0.11125,0.5175,0.25,4,-0.0685375,0.07625,-0.17,0.5599,-0.1125,0.69
473,0,-1,2,0.25,4,-1,-1,-1,2,-1,2
474,1,-0.775,1.3275,0.25,4,-0.7592,-0.71,-0.8075,1.278875,-0.775,1.3975
475,2,-0.5925,0.9575,0.25,4,-0.57735,-0.50375,-0.645,0.937,-0.525,1.0775
476,3,-0.46875,0.8375,0.25,4,-0.4424375,-0.38125,-0.55375,0.76485,-0.39,0.915
477,4,-0.3875,0.665,0.25,4,-0.3357125,-0.25125,-0.44875,0.676075,-0.2975,0.835
478,5,-0.2875,0.6125,0.25,4,-0.2560125,-0.15625,-0.36625,0.62725,-0.21375,0.74
479,6,-0.19375,0.5275,0.25,4,-0.1948125,-0.085,-0.28375,0.593425,-0.175,0.71
480,7,-0.11625,0.565,0.25,4,-0.1469,-0.0225,-0.23375,0.57455,-0.2,0.7075
481,8,-0.08625,0.565,0.25,4,-0.1108125,0.00625,-0.2225,0.5697,-0.15125,0.6875
482,9,-0.11125,0.5825,0.25,4,-0.0904625,0.045,-0.1925,0.562525,-0.14625,0.67
483,10,-0.08875,0.5825,0.25,4,-0.0685375,0.07625,-0.17,0.5599,-0.1125,0.69
484,0,-1,2,0.25,4,-1,-1,-1,2,-1,2
485,1,-0.72,1.18,0.25,4,-0.7592,-0.71,-0.8075,1.278875,-0.775,1.3975
486,2,-0.53125,0.885,0.25,4,-0.57735,-0.50375,-0.645,0.937,-0.525,1.0775
487,3,-0.41375,0.755,0.25,4,-0.4424375,-0.38125,-0.55375,0.76485,-0.39,0.915
488,4,-0.31625,0.7425,0.25,4,-0.3357125,-0.25125,-0.44875,0.676075,-0.2975,0.835
489,5,-0.2425,0.7,0.25,4,-0.2560125,-0.15625,-0.36625,0.62725,-0.21375,0.74
490,6,-0.24875,0.6925,0.25,4,-0.1948125,-0.085,-0.28375,0.593425,-0.175,0.71
491,7,-0.125,0.59,0.25,4,-0.1469,-0.0225,-0.23375,0.57455,-0.2,0.7075
492,8,-0.1,0.6325,0.25,4,-0.1108125,0.00625,-0.2225,0.5697,-0.15125,0.6875
493,9,-0.06375,0.5275,0.25,4,-0.0904625,0.045,-0.1925,0.562525,-0.14625,0.67
494,10,-0.02375,0.5225,0.25,4,-0.0685375,0.07625,-0.17,0.5599,-0.1125,0.69
495,0,-1,2,0.25,4,-1,-1,-1,2,-1,2
496,1,-0.76125,1.275,0.25,4,-0.7592,-0.71,-0.8075,1.278875,-0.775,1.3975
497,2,-0.59375,0.93,0.25,4,-0.57735,-0.50375,-0.645,0.937,-0.525,1.0775
498,3,-0.51875,0.8725,0.25,4,-0.4424375,-0.38125,-0.55375,0.76485,-0.39,0.915
499,4,-0.40625,0.73,0.25,4,-0.3357125,-0.25125,-0.44875,0.676075,-0.2975,0.835
500,5,-0.31625,0.7,0.25,4,-0.2560125,-0.15625,-0.36625,0.62725,-0.21375,0.74
501,6,-0.235,0.6125,0.25,4,-0.1948125,-0.085,-0.28375,0.593425,-0.175,0.71
502,7,-0.19625,0.64,0.25,4,-0.1469,-0.0225,-0.23375,0.57455,-0.2,0.7075
503,8,-0.13125,0.5925,0.25,4,-0.1108125,0.00625,-0.2225,0.5697,-0.15125,0.6875
504,9,-0.16,0.5925,0.25,4,-0.0904625,0.045,-0.1925,0.562525,-0.14625,0.67
505,10,-0.0925,0.545,0.25,4,-0.0685375,0.07625,-0.17,0.5599,-0.1125,0.69
506,0,-1,2,0.25,4,-1,-1,-1,2,-1,2
507,1,-0.7525,1.26,0.25,4,-0.7592,-0.71,-0.8075,1.278875,-0.775,1.3975
508,2,-0.53875,0.8725,0.25,4,-0.57735,-0.50375,-0.645,0.937,-0.525,1.0775
509,3,-0.42,0.8,0.25,4,-0.4424375,-0.38125,-0.55375,0.76485,-0.39,0.915
510,4,-0.30375,0.71,0.25,4,-0.3357125,-0.25125,-0.44875,0.676075,-0.2975,0.835
511,5,-0.19625,0.6225,0.25,4,-0.2560125,-0.15625,-0.36625,0.62725,-0.21375,0.74
512,6,-0.14,0.5975,0.25,4,-0.1948125,-0.085,-0.28375,0.593425,-0.175,0.71
513,7,-0.125,0.5675,0.25,4,-0.1469,-0.0225,-0.23375,0.57455,-0.2,0.7075
514,8,-0.055,0.49,0.25,4,-0.1108125,0.00625,-0.2225,0.5697,-0.15125,0.6875
515,9,-0.05625,0.4825,0.25,4,-0.0904625,0.045,-0.1925,0.562525,-0.14625,0.67
516,10,0,0.5525,0.25,4,-0.0685375,0.07625,-0.17,0.5599,-0.1125,0.69
517,0,-1,2,0.25,4,-1,-1,-1,2,-1,2
518,1,-0.74375,1.2125,0.25,4,-0.7592,-0.71,-0.8075,1.278875,-0.775,1.3975
519,2,-0.61625,0.985,0.25,4,-0.57735,-0.50375,-0.645,0.937,-0.525,1.0775
520,3,-0.48875,0.775,0.25,4,-0.4424375,-0.38125,-0.55375,0.76485,-0.39,0.915
521,4,-0.35875,0.6675,0.25,4,-0.3357125,-0.25125,-0.44875,0.676075,-0.2975,0.835
522,5,-0.32375,0.6575,0.25,4,-0.2560125,-0.15625,-0.36625,0.62725,-0.21375,0.74
523,6,-0.24375,0.61,0.25,4,-0.1948125,-0.085,-0.28375,0.593425,-0.175,0.71
524,7,-0.1075,0.5,0.25,4,-0.1469,-0.0225,-0.23375,0.57455,-0.2,0.7075
525,8,-0.15375,0.565,0.25,4,-0.1108125,0.00625,-0.2225,0.5697,-0.15125,0.6875
526,9,-0.1675,0.575,0.25,4,-0.0904625,0.045,-0.1925,0.562525,-0.14625,0.67
527,10,-0.0925,0.5575,0.25,4,-0.0685375,0.07625,-0.17,0.5599,-0.1125,0.69
528,0,-1,2,0.25,4,-1,-1,-1,2,-1,2
529,1,-0.745,1.2475,0.25,4,-0.7592,-0.71,-0.8075,1.278875,-0.775,1.3975
530,2,-0.525,0.8175,0.25,4,-0.57735,-0.50375,-0.645,0.937,-0.525,1.0775
531,3,-0.41375,0.7,0.25,4,-0.4424375,-0.38125,-0.55375,0.76485,-0.39,0.915
532,4,-0.3025,0.6425,0.25,4,-0.3357125,-0.25125,-0.44875,0.676075,-0.2975,0.835
533,5,-0.2375,0.68,0.25,4,-0.2560125,-0.15625,-0.36625,0.62725,-0.21375,0.74
534,6,-0.145,0.5625,0.25,4,-0.1948125,-0.085,-0.28375,0.593425,-0.175,0.71
535,7,-0.16,0.5475,0.25,4,-0.1469,-0.0225,-0.23375,0.57455,-0.2,0.7075
536,8,-0.14625,0.5175,0.25,4,-0.1108125,0.00625,-0.2225,0.5697,-0.15125,0.6875
537,9,-0.12125,0.5275,0.25,4,-0.0904625,0.045,-0.1925,0.562525,-0.14625,0.67
538,10,-0.115,0.5475,0.25,4,-0.0685375,0.07625,-0.17,0.5599,-0.1125,0.69
539,0,-1,2,0.25,4,-1,-1,-1,2,-1,2
540,1,-0.76875,1.275,0.25,4,-0.7592,-0.71,-0.8075,1.278875,-0.775,1.3975
541,2,-0.6075,0.98,0.25,4,-0.57735,-0.50375,-0.645,0.937,-0.525,1.0775
542,3,-0.4325,0.735,0.25,4,-0.4424375,-0.38125,-0.55375,0.76485,-0.39,0.915
543,4,-0.32625,0.6925,0.25,4,-0.3357125,-0.25125,-0.44875,0.676075,-0.2975,0.835
544,5,-0.2725,0.6725,0.25,4,-0.2560125,-0.15625,-0.36625,0.62725,-0.21375,0.74
545,6,-0.22625,0.625,0.25,4,-0.1948125,-0.085,-0.28375,0.593425,-0.175,0.71
546,7,-0.155,0.595,0.25,4,-0.1469,-0.0225,-0.23375,0.57455,-0.2,0.7075
547,8,-0.07875,0.575,0.25,4,-0.1108125,0.00625,-0.2225,0.5697,-0.15125,0.6875
548,9,-0.06125,0.585,0.25,4,-0.0904625,0.045,-0.1925,0.562525,-0.14625,0.67
549,10,-0.0875,0.5375,0.25,4,-0.0685375,0.07625,-0.17,0.5599,-0.1125,0.69
550,0,-1,2,0.25,4,-1,-1,-1,2,-1,2
551,1,-0.76375,1.275,0.25,4,-0.7592,-0.71,-0.8075,1.278875,-0.775,1.3975
552,2,-0.59375,0.9575,0.25,4,-0.57735,-0.50375,-0.645,0.937,-0.525,1.0775
553,3,-0.455,0.715,0.25,4,-0.4424375,-0.38125,-0.55375,0.76485,-0.39,0.915
554,4,-0.4175,0.7525,0.25,4,-0.3357125,-0.25125,-0.44875,0.676075,-0.2975,0.835
555,5,-0.3375,0.675,0.25,4,-0.2560125,-0.15625,-0.36625,0.62725,-0.21375,0.74
556,6,-0.2175,0.565,0.25,4,-0.1948125,-0.085,-0.28375,0.593425,-0.175,0.71
557,7,-0.1575,0.575,0.25,4,-0.1469,-0.0225,-0.23375,0.57455,-0.2,0.7075
558,8,-0.1375,0.555,0.25,4,-0.1108125,0.00625,-0.2225,0.5697,-0.15125,0.6875
559,9,-0.1325,0.5325,0.25,4,-0.0904625,0.045,-0.1925,0.562525,-0.14625,0.67
560,10,-0.11125,0.5625,0.25,4,-0.0685375,0.07625,-0.17,0.5599,-0.1125,0.69
561,0,-1,2,0.25,4,-1,-1,-1,2,-1,2
562,1,-0.75625,1.2775,0.25,4,-0.7592,-0.71,-0.8075,1.278875,-0.775,1.3975
563,2,-0.56875,0.9275,0.25,4,-0.57735,-0.50375,-0.645,0.937,-0.525,1.0775
564,3,-0.395,0.69,0.25,4,-0.4424375,-0.38125,-0.55375,0.76485,-0.39,0.915
565,4,-0.28875,0.62,0.25,4,-0.3357125,-0.25125,-0.44875,0.676075,-0.2975,0.835
566,5,-0.22875,0.585,0.25,4,-0.2560125,-0.15625,-0.36625,0.62725,-0.21375,0.74
567,6,-0.18375,0.5325,0.25,4,-0.1948125,-0.085,-0.28375,0.593425,-0.175,0.71
568,7,-0.13125,0.585,0.25,4,-0.1469,-0.0225,-0.23375,0.57455,-0.2,0.7075
569,8,-0.09375,0.5975,0.25,4,-0.1108125,0.00625,-0.2225,0.5697,-0.15125,0.6875
570,9,-0.02375,0.57,0.25,4,-0.0904625,0.045,-0.1925,0.562525,-0.14625,0.67
571,10,-0.04125,0.53,0.25,4,-0.0685375,0.07625,-0.17,0.5599,-0.1125,0.69
572,0,-1,2,0.25,4,-1,-1,-1,2,-1,2
573,1,-0.76875,1.295,0.25,4,-0.7592,-0.71,-0.8075,1.278875,-0.775,1.3975
574,2,-0.59875,0.9975,0.25,4,-0.57735,-0.50375,-0.645,0.937,-0.525,1.0775
575,3,-0.49,0.81,0.25,4,-0.4424375,-0.38125,-0.55375,0.76485,-0.39,0.915
576,4,-0.34875,0.7875,0.25,4,-0.3357125,-0.25125,-0.44875,0.676075,-0.2975,0.835
577,5,-0.345,0.7275,0.25,4,-0.2560125,-0.15625,-0.36625,0.62725,-0.21375,0.74
578,6,-0.2725,0.625,0.25,4,-0.1948125,-0.085,-0.28375,0.593425,-0.175,0.71
579,7,-0.19625,0.57,0.25,4,-0.1469,-0.0225,-0.23375,0.57455,-0.2,0.7075
580,8,-0.1975,0.58,0.25,4,-0.1108125,0.00625,-0.2225,0.5697,-0.15125,0.6875
581,9,-0.1175,0.5425,0.25,4,-0.0904625,0.045,-0.1925,0.562525,-0.14625,0.67
582,10,-0.07375,0.5775,0.25,4,-0.0685375,0.07625,-0.17,0.5599,-0.1125,0.69
583,0,-1,2,0.25,4,-1,-1,-1,2,-1,2
584,1,-0.72625,1.2125,0.25,4,-0.7592,-0.71,-0.8075,1.278875,-0.775,1.3975
585,2,-0.5725,0.9375,0.25,4,-0.57735,-0.50375,-0.645,0.937,-0.525,1.0775
586,3,-0.43,0.7475,0.25,4,-0.4424375,-0.38125,-0.55375,0.76485,-0.39,0.915
587,4,-0.355,0.6475,0.25,4,-0.3357125,-0.25125,-0.44875,0.676075,-0.2975,0.835
588,5,-0.275,0.6525,0.25,4,-0.2560125,-0.15625,-0.36625,0.62725,-0.21375,0.74
589,6,-0.20875,0.5625,0.25,4,-0.1948125,-0.085,-0.28375,0.593425,-0.175,0.71
590,7,-0.14,0.5725,0.25,4,-0.1469,-0.0225,-0.23375,0.57455,-0.2,0.7075
591,8,-0.08125,0.5925,0.25,4,-0.1108125,0.00625,-0.2225,0.5697,-0.15125,0.6875
592,9,-0.07,0.525,0.25,4,-0.0904625,0.045,-0.1925,0.562525,-0.14625,0.67
593,10,-0.065,0.49,0.25,4,-0.0685375,0.07625,-0.17,0.5599,-0.1125,0.69
594,0,-1,2,0.25,4,-1,-1,-1,2,-1,2
595,1,-0.735,1.195,0.25,4,-0.7592,-0.71,-0.8075,1.278875,-0.775,1.3975
596,2,-0.55375,0.8975,0.25,4,-0.57735,-0.50375,-0.645,0.937,-0.525,1.0775
597,3,-0.455,0.7975,0.25,4,-0.4424375,-0.38125,-0.55375,0.76485,-0.39,0.915
598,4,-0.40625,0.73,0.25,4,-0.3357125,-0.25125,-0.44875,0.676075,-0.2975,0.835
599,5,-0.30625,0.62,0.25,4,-0.2560125,-0.15625,-0.36625,0.62725,-0.21375,0.74
600,6,-0.2325,0.69,0.25,4,-0.1948125,-0.085,-0.28375,0.593425,-0.175,0.71
601,7,-0.21875,0.625,0.25,4,-0.1469,-0.0225,-0.23375,0.57455,-0.2,0.7075
602,8,-0.185,0.6075,0.25,4,-0.1108125,0.00625,-0.2225,0.5697,-0.15125,0.6875
603,9,-0.0875,0.6325,0.25,4,-0.0904625,0.045,-0.1925,0.562525,-0.14625,0.67
604,10,-0.0625,0.5725,0.25,4,-0.0685375,0.07625,-0.17,0.5599,-0.1125,0.69
605,0,-1,2,0.25,4,-1,-1,-1,2,-1,2
606,1,-0.7825,1.32,0.25,4,-0.7592,-0.71,-0.8075,1.278875,-0.775,1.3975
607,2,-0.5725,0.8975,0.25,4,-0.57735,-0.50375,-0.645,0.937,-0.525,1.0775
608,3,-0.3975,0.6475,0.25,4,-0.4424375,-0.38125,-0.55375,0.76485,-0.39,0.915
609,4,-0.28375,0.585,0.25,4,-0.3357125,-0.25125,-0.44875,0.676075,-0.2975,0.835
610,5,-0.15625,0.6,0.25,4,-0.2560125,-0.15625,-0.36625,0.62725,-0.21375,0.74
611,6,-0.12,0.5125,0.25,4,-0.1948125,-0.085,-0.28375,0.593425,-0.175,0.71
612,7,-0.09625,0.55,0.25,4,-0.1469,-0.0225,-0.23375,0.57455,-0.2,0.7075
613,8,-0.07875,0.6025,0.25,4,-0.1108125,0.00625,-0.2225,0.5697,-0.15125,0.6875
614,9,-0.03,0.605,0.25,4,-0.0904625,0.045,-0.1925,0.562525,-0.14625,0.67
615,10,0.015,0.69,0.25,4,-0.0685375,0.07625,-0.17,0.5599,-0.1125,0.69
616,0,-1,2,0.25,4,-1,-1,-1,2,-1,2
617,1,-0.78375,1.3675,0.25,4,-0.7592,-0.71,-0.8075,1.278875,-0.775,1.3975
618,2,-0.55625,0.8825,0.25,4,-0.57735,-0.50375,-0.645,0.937,-0.525,1.0775
619,3,-0.455,0.7775,0.25,4,-0.4424375,-0.38125,-0.55375,0.76485,-0.39,0.915
620,4,-0.37625,0.61,0.25,4,-0.3357125,-0.25125,-0.44875,0.676075,-0.2975,0.835
621,5,-0.28625,0.55,0.25,4,-0.2560125,-0.15625,-0.36625,0.62725,-0.21375,0.74
622,6,-0.22375,0.5075,0.25,4,-0.1948125,-0.085,-0.28375,0.593425,-0.175,0.71
623,7,-0.155,0.5875,0.25,4,-0.1469,-0.0225,-0.23375,0.57455,-0.2,0.7075
624,8,-0.0675,0.6025,0.25,4,-0.1108125,0.00625,-0.2225,0.5697,-0.15125,0.6875
625,9,-0.07375,0.5825,0.25,4,-0.0904625,0.045,-0.1925,0.562525,-0.14625,0.67
626,10,-0.075,0.5825,0.25,4,-0.0685375,0.07625,-0.17,0.5599,-0.1125,0.69
627,0,-1,2,0.25,4,-1,-1,-1,2,-1,2
628,1,-0.73375,1.2925,0.25,4,-0.7592,-0.71,-0.8075,1.278875,-0.775,1.3975
629,2,-0.515,0.8475,0.25,4,-0.57735,-0.50375,-0.645,0.937,-0.525,1.0775
630,3,-0.39,0.7625,0.25,4,-0.4424375,-0.38125,-0.55375,0.76485,-0.39,0.915
631,4,-0.3025,0.66,0.25,4,-0.3357125,-0.25125,-0.44875,0.676075,-0.2975,0.835
632,5,-0.19375,0.5825,0.25,4,-0.2560125,-0.15625,-0.36625,0.62725,-0.21375,0.74
633,6,-0.11875,0.595,0.25,4,-0.1948125,-0.085,-0.28375,0.593425,-0.175,0.71
634,7,-0.09,0.57,0.25,4,-0.1469,-0.0225,-0.23375,0.57455,-0.2,0.7075
635,8,-0.07375,0.6225,0.25,4,-0.1108125,0.00625,-0.2225,0.5697,-0.15125,0.6875
636,9,-0.0575,0.565,0.25,4,-0.0904625,0.045,-0.1925,0.562525,-0.14625,0.67
637,10,-0.03375,0.5925,0.25,4,-0.0685375,0.07625,-0.17,0.5599,-0.1125,0.69
638,0,-1,2,0.25,4,-1,-1,-1,2,-1,2
639,1,-0.7175,1.1475,0.25,4,-0.7592,-0.71,-0.8075,1.278875,-0.775,1.3975
640,2,-0.55625,0.875,0.25,4,-0.57735,-0.50375,-0.645,0.937,-0.525,1.0775
641,3,-0.44875,0.7625,0.25,4,-0.4424375,-0.38125,-0.55375,0.76485,-0.39,0.915
642,4,-0.3725,0.695,0.25,4,-0.3357125,-0.25125,-0.44875,0.676075,-0.2975,0.835
643,5,-0.295,0.725,0.25,4,-0.2560125,-0.15625,-0.36625,0.62725,-0.21375,0.74
644,6,-0.27,0.71,0.25,4,-0.1948125,-0.085,-0.28375,0.593425,-0.175,0.71
645,7,-0.19875,0.5775,0.25,4,-0.1469,-0.0225,-0.23375,0.57455,-0.2,0.7075
646,8,-0.1925,0.6425,0.25,4,-0.1108125,0.00625,-0.2225,0.5697,-0.15125,0.6875
647,9,-0.16625,0.615,0.25,4,-0.0904625,0.045,-0.1925,0.562525,-0.14625,0.67
648,10,-0.11875,0.545,0.25,4,-0.0685375,0.07625,-0.17,0.5599,-0.1125,0.69
649,0,-1,2,0.25,4,-1,-1,-1,2,-1,2
650,1,-0.76125,1.2925,0.25,4,-0.7592,-0.71,-0.8075,1.278875,-0.775,1.3975
651,2,-0.55125,0.9,0.25,4,-0.57735,-0.50375,-0.645,0.937,-0.525,1.0775
652,3,-0.475,0.8425,0.25,4,-0.4424375,-0.38125,-0.55375,0.76485,-0.39,0.915
653,4,-0.33875,0.715,0.25,4,-0.3357125,-0.25125,-0.44875,0.676075,-0.2975,0.835
654,5,-0.27125,0.6675,0.25,4,-0.2560125,-0.15625,-0.36625,0.62725,-0.21375,0.74
655,6,-0.1375,0.5625,0.25,4,-0.1948125,-0.085,-0.28375,0.593425,-0.175,0.71
656,7,-0.08125,0.4875,0.25,4,-0.1469,-0.0225,-0.23375,0.57455,-0.2,0.7075
657,8,-0.08125,0.5625,0.25,4,-0.1108125,0.00625,-0.2225,0.5697,-0.15125,0.6875
658,9,-0.05,0.5175,0.25,4,-0.0904625,0.045,-0.1925,0.562525,-0.14625,0.67
659,10,-0.04625,0.56,0.25,4,-0.0685375,0.07625,-0.17,0.5599,-0.1125,0.69
660,0,-1,2,0.25,4,-1,-1,-1,2,-1,2
661,1,-0.77625,1.2975,0.25,4,-0.7592,-0.71,-0.8075,1.278875,-0.775,1.3975
662,2,-0.6125,1.0275,0.25,4,-0.57735,-0.50375,-0.645,0.937,-0.525,1.0775
663,3,-0.47625,0.7875,0.25,4,-0.4424375,-0.38125,-0.55375,0.76485,-0.39,0.915
664,4,-0.355,0.7175,0.25,4,-0.3357125,-0.25125,-0.44875,0.676075,-0.2975,0.835
665,5,-0.24625,0.66,0.25,4,-0.2560125,-0.15625,-0.36625,0.62725,-0.21375,0.74
666,6,-0.19375,0.5425,0.25,4,-0.1948125,-0.085,-0.28375,0.593425,-0.175,0.71
667,7,-0.18,0.58,0.25,4,-0.1469,-0.0225,-0.23375,0.57455,-0.2,0.7075
668,8,-0.1175,0.4575,0.25,4,-0.1108125,0.00625,-0.2225,0.5697,-0.15125,0.6875
669,9,-0.03875,0.535,0.25,4,-0.0904625,0.045,-0.1925,0.562525,-0.14625,0.67
670,10,-0.03375,0.6525,0.25,4,-0.0685375,0.07625,-0.17,0.5599,-0.1125,0.69
671,0,-1,2,0.25,4,-1,-1,-1,2,-1,2
672,1,-0.74625,1.235,0.25,4,-0.7592,-0.71,-0.8075,1.278875,-0.775,1.3975
673,2,-0.54625,0.92,0.25,4,-0.57735,-0.50375,-0.645,0.937,-0.525,1.0775
674,3,-0.39,0.7125,0.25,4,-0.4424375,-0.38125,-0.55375,0.76485,-0.39,0.915
675,4,-0.25625,0.5875,0.25,4,-0.3357125,-0.25125,-0.44875,0.676075,-0.2975,0.835
676,5,-0.1775,0.5825,0.25,4,-0.2560125,-0.15625,-0.36625,0.62725,-0.21375,0.74
677,6,-0.1275,0.5375,0.25,4,-0.1948125,-0.085,-0.28375,0.593425,-0.175,0.71
678,7,-0.06875,0.495,0.25,4,-0.1469,-0.0225,-0.23375,0.57455,-0.2,0.7075
679,8,-0.03625,0.4775,0.25,4,-0.1108125,0.00625,-0.2225,0.5697,-0.15125,0.6875
680,9,-0.02625,0.4975,0.25,4,-0.0904625,0.045,-0.1925,0.562525,-0.14625,0.67
681,10,0.00625,0.545,0.25,4,-0.0685375,0.07625,-0.17,0.5599,-0.1125,0.69
682,0,-1,2,0.25,4,-1,-1,-1,2,-1,2
683,1,-0.73875,1.255,0.25,4,-0.7592,-0.71,-0.8075,1.278875,-0.775,1.3975
684,2,-0.55,0.91,0.25,4,-0.57735,-0.50375,-0.645,0.937,-0.525,1.0775
685,3,-0.445,0.7775,0.25,4,-0.4424375,-0.38125,-0.55375,0.76485,-0.39,0.915
686,4,-0.32875,0.66,0.25,4,-0.3357125,-0.25125,-0.44875,0.676075,-0.2975,0.835
687,5,-0.2075,0.5425,0.25,4,-0.2560125,-0.15625,-0.36625,0.62725,-0.21375,0.74
688,6,-0.1375,0.59,0.25,4,-0.1948125,-0.085,-0.28375,0.593425,-0.175,0.71
689,7,-0.11125,0.575,0.25,4,-0.1469,-0.0225,-0.23375,0.57455,-0.2,0.7075
690,8,-0.1025,0.545,0.25,4,-0.1108125,0.00625,-0.2225,0.5697,-0.15125,0.6875
691,9,-0.14,0.56,0.25,4,-0.0904625,0.045,-0.1925,0.562525,-0.14625,0.67
692,10,-0.09375,0.5375,0.25,4,-0.0685375,0.07625,-0.17,0.5599,-0.1125,0.69
693,0,-1,2,0.25,4,-1,-1,-1,2,-1,2
694,1,-0.7375,1.25,0.25,4,-0.7592,-0.71,-0.8075,1.278875,-0.775,1.3975
695,2,-0.54625,0.86,0.25,4,-0.57735,-0.50375,-0.645,0.937,-0.525,1.0775
696,3,-0.41375,0.7075,0.25,4,-0.4424375,-0.38125,-0.55375,0.76485,-0.39,0.915
697,4,-0.37125,0.75,0.25,4,-0.3357125,-0.25125,-0.44875,0.676075,-0.2975,0.835
698,5,-0.23625,0.635,0.25,4,-0.2560125,-0.15625,-0.36625,0.62725,-0.21375,0.74
699,6,-0.21,0.63,0.25,4,-0.1948125,-0.085,-0.28375,0.593425,-0.175,0.71
700,7,-0.1525,0.585,0.25,4,-0.1469,-0.0225,-0.23375,0.57455,-0.2,0.7075
701,8,-0.145,0.6575,0.25,4,-0.1108125,0.00625,-0.2225,0.5697,-0.15125,0.6875
702,9,-0.15625,0.6225,0.25,4,-0.0904625,0.045,-0.1925,0.562525,-0.14625,0.67
703,10,-0.1375,0.57,0.25,4,-0.0685375,0.07625,-0.17,0.5599,-0.1125,0.69
704,0,-1,2,0.25,4,-1,-1,-1,2,-1,2
705,1,-0.73125,1.215,0.25,4,-0.7592,-0.71,-0.8075,1.278875,-0.775,1.3975
706,2,-0.59375,0.915,0.25,4,-0.57735,-0.50375,-0.645,0.937,-0.525,1.0775
707,3,-0.43875,0.7475,0.25,4,-0.4424375,-0.38125,-0.55375,0.76485,-0.39,0.915
708,4,-0.32625,0.66,0.25,4,-0.3357125,-0.25125,-0.44875,0.676075,-0.2975,0.835
709,5,-0.26625,0.62,0.25,4,-0.2560125,-0.15625,-0.36625,0.62725,-0.21375,0.74
710,6,-0.23125,0.57,0.25,4,-0.1948125,-0.085,-0.28375,0.593425,-0.175,0.71
711,7,-0.135,0.6225,0.25,4,-0.1469,-0.0225,-0.23375,0.57455,-0.2,0.7075
712,8,-0.0975,0.5825,0.25,4,-0.1108125,0.00625,-0.2225,0.5697,-0.15125,0.6875
713,9,-0.05875,0.5775,0.25,4,-0.0904625,0.045,-0.1925,0.562525,-0.14625,0.67
714,10,-0.0275,0.5975,0.25,4,-0.0685375,0.07625,-0.17,0.5599,-0.1125,0.69
715,0,-1,2,0.25,4,-1,-1,-1,2,-1,2
716,1,-0.78625,1.3325,0.25,4,-0.7592,-0.71,-0.8075,1.278875,-0.775,1.3975
717,2,-0.59375,0.935,0.25,4,-0.57735,-0.50375,-0.645,0.937,-0.525,1.0775
718,3,-0.4575,0.825,0.25,4,-0.4424375,-0.38125,-0.55375,0.76485,-0.39,0.915
719,4,-0.31,0.6225,0.25,4,-0.3357125,-0.25125,-0.44875,0.676075,-0.2975,0.835
720,5,-0.18875,0.5025,0.25,4,-0.2560125,-0.15625,-0.36625,0.62725,-0.21375,0.74
721,6,-0.12625,0.465,0.25,4,-0.1948125,-0.085,-0.28375,0.593425,-0.175,0.71
722,7,-0.09625,0.5425,0.25,4,-0.1469,-0.0225,-0.23375,0.57455,-0.2,0.7075
723,8,-0.0525,0.53,0.25,4,-0.1108125,0.00625,-0.2225,0.5697,-0.15125,0.6875
724,9,-0.02375,0.58,0.25,4,-0.0904625,0.045,-0.1925,0.562525,-0.14625,0.67
725,10,0.07625,0.5125,0.25,4,-0.0685375,0.07625,-0.17,0.5599,-0.1125,0.69
726,0,-1,2,0.25,4,-1,-1,-1,2,-1,2
727,1,-0.77375,1.3175,0.25,4,-0.7592,-0.71,-0.8075,1.278875,-0.775,1.3975
728,2,-0.61375,1.0225,0.25,4,-0.57735,-0.50375,-0.645,0.937,-0.525,1.0775
729,3,-0.42375,0.7775,0.25,4,-0.4424375,-0.38125,-0.55375,0.76485,-0.39,0.915
730,4,-0.28375,0.65,0.25,4,-0.3357125,-0.25125,-0.44875,0.676075,-0.2975,0.835
731,5,-0.23125,0.66,0.25,4,-0.2560125,-0.15625,-0.36625,0.62725,-0.21375,0.74
732,6,-0.1625,0.6125,0.25,4,-0.1948125,-0.085,-0.28375,0.593425,-0.175,0.71
733,7,-0.16375,0.5675,0.25,4,-0.1469,-0.0225,-0.23375,0.57455,-0.2,0.7075
734,8,-0.10125,0.5625,0.25,4,-0.1108125,0.00625,-0.2225,0.5697,-0.15125,0.6875
735,9,-0.16625,0.5775,0.25,4,-0.0904625,0.045,-0.1925,0.562525,-0.14625,0.67
736,10,-0.08875,0.5525,0.25,4,-0.0685375,0.07625,-0.17,0.5599,-0.1125,0.69
737,0,-1,2,0.25,4,-1,-1,-1,2,-1,2
738,1,-0.74375,1.2325,0.25,4,-0.7592,-0.71,-0.8075,1.278875,-0.775,1.3975
739,2,-0.59125,0.9525,0.25,4,-0.57735,-0.50375,-0.645,0.937,-0.525,1.0775
740,3,-0.43125,0.775,0.25,4,-0.4424375,-0.38125,-0.55375,0.76485,-0.39,0.915
741,4,-0.325,0.6175,0.25,4,-0.3357125,-0.25125,-0.44875,0.676075,-0.2975,0.835
742,5,-0.27875,0.58,0.25,4,-0.2560125,-0.15625,-0.36625,0.62725,-0.21375,0.74
743,6,-0.24625,0.6525,0.25,4,-0.1948125,-0.085,-0.28375,0.593425,-0.175,0.71
744,7,-0.16,0.56,0.25,4,-0.1469,-0.0225,-0.23375,0.57455,-0.2,0.7075
745,8,-0.07875,0.5775,0.25,4,-0.1108125,0.00625,-0.2225,0.5697,-0.15125,0.6875
746,9,-0.05375,0.6275,0.25,4,-0.0904625,0.045,-0.1925,0.562525,-0.14625,0.67
747,10,-0.05125,0.5425,0.25,4,-0.0685375,0.07625,-0.17,0.5599,-0.1125,0.69
748,0,-1,2,0.25,4,-1,-1,-1,2,-1,2
749,1,-0.75875,1.32,0.25,4,-0.7592,-0.71,-0.8075,1.278875,-0.775,1.3975
750,2,-0.59125,0.9525,0.25,4,-0.57735,-0.50375,-0.645,0.937,-0.525,1.0775
751,3,-0.45625,0.8325,0.25,4,-0.4424375,-0.38125,-0.55375,0.76485,-0.39,0.915
752,4,-0.3575,0.7225,0.25,4,-0.3357125,-0.25125,-0.44875,0.676075,-0.2975,0.835
753,5,-0.33875,0.74,0.25,4,-0.2560125,-0.15625,-0.36625,0.62725,-0.21375,0.74
754,6,-0.27375,0.6675,0.25,4,-0.1948125,-0.085,-0.28375,0.593425,-0.175,0.71
755,7,-0.18625,0.5825,0.25,4,-0.1469,-0.0225,-0.23375,0.57455,-0.2,0.7075
756,8,-0.1,0.5975,0.25,4,-0.1108125,0.00625,-0.2225,0.5697,-0.15125,0.6875
757,9,-0.1925,0.62,0.25,4,-0.0904625,0.045,-0.1925,0.562525,-0.14625,0.67
758,10,-0.13,0.5475,0.25,4,-0.0685375,0.07625,-0.17,0.5599,-0.1125,0.69
759,0,-1,2,0.25,4,-1,-1,-1,2,-1,2
760,1,-0.725,1.195,0.25,4,-0.7592,-0.71,-0.8075,1.278875,-0.775,1.3975
761,2,-0.54625,0.915,0.25,4,-0.57735,-0.50375,-0.645,0.937,-0.525,1.0775
762,3,-0.45375,0.795,0.25,4,-0.4424375,-0.38125,-0.55375,0.76485,-0.39,0.915
763,4,-0.3225,0.6675,0.25,4,-0.3357125,-0.25125,-0.44875,0.676075,-0.2975,0.835
764,5,-0.2275,0.655,0.25,4,-0.2560125,-0.15625,-0.36625,0.62725,-0.21375,0.74
765,6,-0.21125,0.6525,0.25,4,-0.1948125,-0.085,-0.28375,0.593425,-0.175,0.71
766,7,-0.13125,0.5575,0.25,4,-0.1469,-0.0225,-0.23375,0.57455,-0.2,0.7075
767,8,-0.0675,0.58,0.25,4,-0.1108125,0.00625,-0.2225,0.5697,-0.15125,0.6875
768,9,-0.04875,0.5325,0.25,4,-0.0904625,0.045,-0.1925,0.562525,-0.14625,0.67
769,10,-0.01875,0.5175,0.25,4,-0.0685375,0.07625,-0.17,0.5599,-0.1125,0.69
770,0,-1,2,0.25,4,-1,-1,-1,2,-1,2
771,1,-0.7675,1.2825,0.25,4,-0.7592,-0.71,-0.8075,1.278875,-0.775,1.3975
772,2,-0.6,0.955,0.25,4,-0.57735,-0.50375,-0.645,0.937,-0.525,1.0775
773,3,-0.46,0.7625,0.25,4,-0.4424375,-0.38125,-0.55375,0.76485,-0.39,0.915
774,4,-0.36125,0.63,0.25,4,-0.3357125,-0.25125,-0.44875,0.676075,-0.2975,0.835
775,5,-0.285,0.6225,0.25,4,-0.2560125,-0.15625,-0.36625,0.62725,-0.21375,0.74
776,6,-0.12875,0.57,0.25,4,-0.1948125,-0.085,-0.28375,0.593425,-0.175,0.71
777,7,-0.12625,0.5425,0.25,4,-0.1469,-0.0225,-0.23375,0.57455,-0.2,0.7075
778,8,-0.09125,0.5825,0.25,4,-0.1108125,0.00625,-0.2225,0.5697,-0.15125,0.6875
779,9,-0.09875,0.67,0.25,4,-0.0904625,0.045,-0.1925,0.562525,-0.14625,0.67
780,10,-0.005,0.6625,0.25,4,-0.0685375,0.07625,-0.17,0.5599,-0.1125,0.69
781,0,-1,2,0.25,4,-1,-1,-1,2,-1,2
782,1,-0.73625,1.2125,0.25,4,-0.7592,-0.71,-0.8075,1.278875,-0.775,1.3975
783,2,-0.54375,0.795,0.25,4,-0.57735,-0.50375,-0.645,0.937,-0.525,1.0775
784,3,-0.415,0.745,0.25,4,-0.4424375,-0.38125,-0.55375,0.76485,-0.39,0.915
785,4,-0.3275,0.6175,0.25,4,-0.3357125,-0.25125,-0.44875,0.676075,-0.2975,0.835
786,5,-0.26875,0.635,0.25,4,-0.2560125,-0.15625,-0.36625,0.62725,-0.21375,0.74
787,6,-0.205,0.5825,0.25,4,-0.1948125,-0.085,-0.28375,0.593425,-0.175,0.71
788,7,-0.1375,0.5125,0.25,4,-0.1469,-0.0225,-0.23375,0.57455,-0.2,0.7075
789,8,-0.11375,0.5975,0.25,4,-0.1108125,0.00625,-0.2225,0.5697,-0.15125,0.6875
790,9,-0.075,0.515,0.25,4,-0.0904625,0.045,-0.1925,0.562525,-0.14625,0.67
791,10,-0.09125,0.585,0.25,4,-0.0685375,0.07625,-0.17,0.5599,-0.1125,0.69
792,0,-1,2,0.25,4,-1,-1,-1,2,-1,2
793,1,-0.76375,1.235,0.25,4,-0.7592,-0.71,-0.8075,1.278875,-0.775,1.3975
794,2,-0.5825,0.9225,0.25,4,-0.57735,-0.50375,-0.645,0.937,-0.525,1.0775
795,3,-0.46625,0.7625,0.25,4,-0.4424375,-0.38125,-0.55375,0.76485,-0.39,0.915
796,4,-0.35875,0.715,0.25,4,-0.3357125,-0.25125,-0.44875,0.676075,-0.2975,0.835
797,5,-0.2325,0.665,0.25,4,-0.2560125,-0.15625,-0.36625,0.62725,-0.21375,0.74
798,6,-0.1625,0.555,0.25,4,-0.1948125,-0.085,-0.28375,0.593425,-0.175,0.71
799,7,-0.1175,0.5275,0.25,4,-0.1469,-0.0225,-0.23375,0.57455,-0.2,0.7075
800,8,-0.05,0.53,0.25,4,-0.1108125,0.00625,-0.2225,0.5697,-0.15125,0.6875
801,9,-0.00625,0.5525,0.25,4,-0.0904625,0.045,-0.1925,0.562525,-0.14625,0.67
802,10,-0.0425,0.635,0.25,4,-0.0685375,0.07625,-0.17,0.5599,-0.1125,0.69
803,0,-1,2,0.25,4,-1,-1,-1,2,-1,2
804,1,-0.73375,1.1775,0.25,4,-0.7592,-0.71,-0.8075,1.278875,-0.775,1.3975
805,2,-0.5125,0.86,0.25,4,-0.57735,-0.50375,-0.645,0.937,-0.525,1.0775
806,3,-0.4175,0.745,0.25,4,-0.4424375,-0.38125,-0.55375,0.76485,-0.39,0.915
807,4,-0.3675,0.6975,0.25,4,-0.3357125,-0.25125,-0.44875,0.676075,-0.2975,0.835
808,5,-0.28375,0.67,0.25,4,-0.2560125,-0.15625,-0.36625,0.62725,-0.21375,0.74
809,6,-0.23625,0.6125,0.25,4,-0.1948125,-0.085,-0.28375,0.593425,-0.175,0.71
810,7,-0.16375,0.555,0.25,4,-0.1469,-0.0225,-0.23375,0.57455,-0.2,0.7075
811,8,-0.12375,0.5275,0.25,4,-0.1108125,0.00625,-0.2225,0.5697,-0.15125,0.6875
812,9,-0.12,0.5625,0.25,4,-0.0904625,0.045,-0.1925,0.562525,-0.14625,0.67
813,10,-0.07375,0.5525,0.25,4,-0.0685375,0.07625,-0.17,0.5599,-0.1125,0.69
814,0,-1,2,0.25,4,-1,-1,-1,2,-1,2
815,1,-0.7325,1.23,0.25,4,-0.7592,-0.71,-0.8075,1.278875,-0.775,1.3975
816,2,-0.57875,0.9225,0.25,4,-0.57735,-0.50375,-0.645,0.937,-0.525,1.0775
817,3,-0.42375,0.755,0.25,4,-0.4424375,-0.38125,-0.55375,0.76485,-0.39,0.915
818,4,-0.30125,0.705,0.25,4,-0.3357125,-0.25125,-0.44875,0.676075,-0.2975,0.835
819,5,-0.235,0.66,0.25,4,-0.2560125,-0.15625,-0.36625,0.62725,-0.21375,0.74
820,6,-0.14375,0.6075,0.25,4,-0.1948125,-0.085,-0.28375,0.593425,-0.175,0.71
821,7,-0.17,0.4875,0.25,4,-0.1469,-0.0225,-0.23375,0.57455,-0.2,0.7075
822,8,-0.1325,0.5525,0.25,4,-0.1108125,0.00625,-0.2225,0.5697,-0.15125,0.6875
823,9,-0.125,0.5375,0.25,4,-0.0904625,0.045,-0.1925,0.562525,-0.14625,0.67
824,10,-0.15125,0.595,0.25,4,-0.0685375,0.07625,-0.17,0.5599,-0.1125,0.69
825,0,-1,2,0.25,4,-1,-1,-1,2,-1,2
826,1,-0.76125,1.26,0.25,4,-0.7592,-0.71,-0.8075,1.278875,-0.775,1.3975
827,2,-0.58875,0.9575,0.25,4,-0.57735,-0.50375,-0.645,0.937,-0.525,1.0775
828,3,-0.4825,0.7775,0.25,4,-0.4424375,-0.38125,-0.55375,0.76485,-0.39,0.915
829,4,-0.37,0.7125,0.25,4,-0.3357125,-0.25125,-0.44875,0.676075,-0.2975,0.835
830,5,-0.29125,0.67,0.25,4,-0.2560125,-0.15625,-0.36625,0.62725,-0.21375,0.74
831,6,-0.25625,0.6625,0.25,4,-0.1948125,-0.085,-0.28375,0.593425,-0.175,0.71
832,7,-0.20375,0.535,0.25,4,-0.1469,-0.0225,-0.23375,0.57455,-0.2,0.7075
833,8,-0.1625,0.6,0.25,4,-0.1108125,0.00625,-0.2225,0.5697,-0.15125,0.6875
834,9,-0.1575,0.6025,0.25,4,-0.0904625,0.045,-0.1925,0.562525,-0.14625,0.67
835,10,-0.08875,0.5125,0.25,4,-0.0685375,0.07625,-0.17,0.5599,-0.1125,0.69
836,0,-1,2,0.25,4,-1,-1,-1,2,-1,2
837,1,-0.7575,1.2775,0.25,4,-0.7592,-0.71,-0.8075,1.278875,-0.775,1.3975
838,2,-0.55875,0.8975,0.25,4,-0.57735,-0.50375,-0.645,0.937,-0.525,1.0775
839,3,-0.45,0.795,0.25,4,-0.4424375,-0.38125,-0.55375,0.76485,-0.39,0.915
840,4,-0.35,0.685,0.25,4,-0.3357125,-0.25125,-0.44875,0.676075,-0.2975,0.835
841,5,-0.235,0.6075,0.25,4,-0.2560125,-0.15625,-0.36625,0.62725,-0.21375,0.74
842,6,-0.14625,0.52,0.25,4,-0.1948125,-0.085,-0.28375,0.593425,-0.175,0.71
843,7,-0.0625,0.52,0.25,4,-0.1469,-0.0225,-0.23375,0.57455,-0.2,0.7075
844,8,-0.105,0.525,0.25,4,-0.1108125,0.00625,-0.2225,0.5697,-0.15125,0.6875
845,9,-0.06375,0.5675,0.25,4,-0.0904625,0.045,-0.1925,0.562525,-0.14625,0.67
846,10,-0.05625,0.5125,0.25,4,-0.0685375,0.07625,-0.17,0.5599,-0.1125,0.69
847,0,-1,2,0.25,4,-1,-1,-1,2,-1,2
848,1,-0.76625,1.295,0.25,4,-0.7592,-0.71,-0.8075,1.278875,-0.775,1.3975
849,2,-0.55,0.885,0.25,4,-0.57735,-0.50375,-0.645,0.937,-0.525,1.0775
850,3,-0.3975,0.725,0.25,4,-0.4424375,-0.38125,-0.55375,0.76485,-0.39,0.915
851,4,-0.29125,0.635,0.25,4,-0.3357125,-0.25125,-0.44875,0.676075,-0.2975,0.835
852,5,-0.1925,0.6,0.25,4,-0.2560125,-0.15625,-0.36625,0.62725,-0.21375,0.74
853,6,-0.16875,0.61,0.25,4,-0.1948125,-0.085,-0.28375,0.593425,-0.175,0.71
854,7,-0.0825,0.6125,0.25,4,-0.1469,-0.0225,-0.23375,0.57455,-0.2,0.7075
855,8,-0.06,0.55,0.25,4,-0.1108125,0.00625,-0.2225,0.5697,-0.15125,0.6875
856,9,-0.03625,0.595,0.25,4,-0.0904625,0.045,-0.1925,0.562525,-0.14625,0.67
857,10,-0.10875,0.5825,0.25,4,-0.0685375,0.07625,-0.17,0.5599,-0.1125,0.69
858,0,-1,2,0.25,4,-1,-1,-1,2,-1,2
859,1,-0.76875,1.29,0.25,4,-0.7592,-0.71,-0.8075,1.278875,-0.775,1.3975
860,2,-0.57,0.9625,0.25,4,-0.57735,-0.50375,-0.645,0.937,-0.525,1.0775
861,3,-0.405,0.7725,0.25,4,-0.4424375,-0.38125,-0.55375,0.76485,-0.39,0.915
862,4,-0.32125,0.6675,0.25,4,-0.3357125,-0.25125,-0.44875,0.676075,-0.2975,0.835
863,5,-0.29,0.6375,0.25,4,-0.2560125,-0.15625,-0.36625,0.62725,-0.21375,0.74
864,6,-0.1925,0.615,0.25,4,-0.1948125,-0.085,-0.28375,0.593425,-0.175,0.71
865,7,-0.1525,0.6025,0.25,4,-0.1469,-0.0225,-0.23375,0.57455,-0.2,0.7075
866,8,-0.13,0.5425,0.25,4,-0.1108125,0.00625,-0.2225,0.5697,-0.15125,0.6875
867,9,-0.1275,0.595,0.25,4,-0.0904625,0.045,-0.1925,0.562525,-0.14625,0.67
868,10,-0.09125,0.61,0.25,4,-0.0685375,0.07625,-0.17,0.5599,-0.1125,0.69
869,0,-1,2,0.25,4,-1,-1,-1,2,-1,2
870,1,-0.76125,1.33,0.25,4,-0.7592,-0.71,-0.8075,1.278875,-0.775,1.3975
871,2,-0.6275,1.0275,0.25,4,-0.57735,-0.50375,-0.645,0.937,-0.525,1.0775
872,3,-0.47625,0.7875,0.25,4,-0.4424375,-0.38125,-0.55375,0.76485,-0.39,0.915
873,4,-0.34875,0.675,0.25,4,-0.3357125,-0.25125,-0.44875,0.676075,-0.2975,0.835
874,5,-0.23,0.5475,0.25,4,-0.2560125,-0.15625,-0.36625,0.62725,-0.21375,0.74
875,6,-0.175,0.6425,0.25,4,-0.1948125,-0.085,-0.28375,0.593425,-0.175,0.71
876,7,-0.1075,0.5975,0.25,4,-0.1469,-0.0225,-0.23375,0.57455,-0.2,0.7075
877,8,-0.07625,0.5075,0.25,4,-0.1108125,0.00625,-0.2225,0.5697,-0.15125,0.6875
878,9,-0.05875,0.53,0.25,4,-0.0904625,0.045,-0.1925,0.562525,-0.14625,0.67
879,10,-0.0425,0.53,0.25,4,-0.0685375,0.07625,-0.17,0.5599,-0.1125,0.69
880,0,-1,2,0.25,4,-1,-1,-1,2,-1,2
881,1,-0.77,1.3325,0.25,4,-0.7592,-0.71,-0.8075,1.278875,-0.775,1.3975
882,2,-0.61125,1.0125,0.25,4,-0.57735,-0.50375,-0.645,0.937,-0.525,1.0775
883,3,-0.445,0.8125,0.25,4,-0.4424375,-0.38125,-0.55375,0.76485,-0.39,0.915
884,4,-0.3475,0.68,0.25,4,-0.3357125,-0.25125,-0.44875,0.676075,-0.2975,0.835
885,5,-0.2375,0.55,0.25,4,-0.2560125,-0.15625,-0.36625,0.62725,-0.21375,0.74
886,6,-0.21625,0.58,0.25,4,-0.1948125,-0.085,-0.28375,0.593425,-0.175,0.71
887,7,-0.14875,0.5625,0.25,4,-0.1469,-0.0225,-0.23375,0.57455,-0.2,0.7075
888,8,-0.125,0.5775,0.25,4,-0.1108125,0.00625,-0.2225,0.5697,-0.15125,0.6875
889,9,-0.10625,0.5425,0.25,4,-0.0904625,0.045,-0.1925,0.562525,-0.14625,0.67
890,10,-0.12375,0.53,0.25,4,-0.0685375,0.07625,-0.17,0.5599,-0.1125,0.69
891,0,-1,2,0.25,4,-1,-1,-1,2,-1,2
892,1,-0.74375,1.2175,0.25,4,-0.7592,-0.71,-0.8075,1.278875,-0.775,1.3975
893,2,-0.5575,0.9075,0.25,4,-0.57735,-0.50375,-0.645,0.937,-0.525,1.0775
894,3,-0.425,0.8,0.25,4,-0.4424375,-0.38125,-0.55375,0.76485,-0.39,0.915
895,4,-0.36,0.6725,0.25,4,-0.3357125,-0.25125,-0.44875,0.676075,-0.2975,0.835
896,5,-0.28125,0.61,0.25,4,-0.2560125,-0.15625,-0.36625,0.62725,-0.21375,0.74
897,6,-0.23625,0.64,0.25,4,-0.1948125,-0.085,-0.28375,0.593425,-0.175,0.71
898,7,-0.15875,0.5875,0.25,4,-0.1469,-0.0225,-0.23375,0.57455,-0.2,0.7075
899,8,-0.11875,0.625,0.25,4,-0.1108125,0.00625,-0.2225,0.5697,-0.15125,0.6875
900,9,-0.08625,0.5175,0.25,4,-0.0904625,0.045,-0.1925,0.562525,-0.14625,0.67
901,10,-0.00125,0.54,0.25,4,-0.0685375,0.07625,-0.17,0.5599,-0.1125,0.69
902,0,-1,2,0.25,4,-1,-1,-1,2,-1,2
903,1,-0.7575,1.275,0.25,4,-0.7592,-0.71,-0.8075,1.278875,-0.775,1.3975
904,2,-0.58875,0.92,0.25,4,-0.57735,-0.50375,-0.645,0.937,-0.525,1.0775
905,3,-0.4825,0.83,0.25,4,-0.4424375,-0.38125,-0.55375,0.76485,-0.39,0.915
906,4,-0.325,0.7125,0.25,4,-0.3357125,-0.25125,-0.44875,0.676075,-0.2975,0.835
907,5,-0.235,0.6575,0.25,4,-0.2560125,-0.15625,-0.36625,0.62725,-0.21375,0.74
908,6,-0.1575,0.55,0.25,4,-0.1948125,-0.085,-0.28375,0.593425,-0.175,0.71
909,7,-0.11625,0.5625,0.25,4,-0.1469,-0.0225,-0.23375,0.57455,-0.2,0.7075
910,8,-0.0725,0.5625,0.25,4,-0.1108125,0.00625,-0.2225,0.5697,-0.15125,0.6875
911,9,-0.1125,0.5975,0.25,4,-0.0904625,0.045,-0.1925,0.562525,-0.14625,0.67
912,10,-0.06375,0.6075,0.25,4,-0.0685375,0.07625,-0.17,0.5599,-0.1125,0.69
913,0,-1,2,0.25,4,-1,-1,-1,2,-1,2
914,1,-0.74875,1.2625,0.25,4,-0.7592,-0.71,-0.8075,1.278875,-0.775,1.3975
915,2,-0.6175,1.03,0.25,4,-0.57735,-0.50375,-0.645,0.937,-0.525,1.0775
916,3,-0.4825,0.83,0.25,4,-0.4424375,-0.38125,-0.55375,0.76485,-0.39,0.915
917,4,-0.3825,0.7,0.25,4,-0.3357125,-0.25125,-0.44875,0.676075,-0.2975,0.835
918,5,-0.34375,0.6475,0.25,4,-0.2560125,-0.15625,-0.36625,0.62725,-0.21375,0.74
919,6,-0.25375,0.6925,0.25,4,-0.1948125,-0.085,-0.28375,0.593425,-0.175,0.71
920,7,-0.16875,0.6225,0.25,4,-0.1469,-0.0225,-0.23375,0.57455,-0.2,0.7075
921,8,-0.175,0.545,0.25,4,-0.1108125,0.00625,-0.2225,0.5697,-0.15125,0.6875
922,9,-0.1225,0.565,0.25,4,-0.0904625,0.045,-0.1925,0.562525,-0.14625,0.67
923,10,-0.1,0.5675,0.25,4,-0.0685375,0.07625,-0.17,0.5599,-0.1125,0.69
924,0,-1,2,0.25,4,-1,-1,-1,2,-1,2
925,1,-0.76625,1.3175,0.25,4,-0.7592,-0.71,-0.8075,1.278875,-0.775,1.3975
926,2,-0.5425,0.8575,0.25,4,-0.57735,-0.50375,-0.645,0.937,-0.525,1.0775
927,3,-0.4125,0.71,0.25,4,-0.4424375,-0.38125,-0.55375,0.76485,-0.39,0.915
928,4,-0.29375,0.5775,0.25,4,-0.3357125,-0.25125,-0.44875,0.676075,-0.2975,0.835
929,5,-0.21125,0.545,0.25,4,-0.2560125,-0.15625,-0.36625,0.62725,-0.21375,0.74
930,6,-0.19625,0.555,0.25,4,-0.1948125,-0.085,-0.28375,0.593425,-0.175,0.71
931,7,-0.18125,0.59,0.25,4,-0.1469,-0.0225,-0.23375,0.57455,-0.2,0.7075
932,8,-0.15,0.605,0.25,4,-0.1108125,0.00625,-0.2225,0.5697,-0.15125,0.6875
933,9,-0.09625,0.57,0.25,4,-0.0904625,0.045,-0.1925,0.562525,-0.14625,0.67
934,10,-0.05,0.575,0.25,4,-0.0685375,0.07625,-0.17,0.5599,-0.1125,0.69
935,0,-1,2,0.25,4,-1,-1,-1,2,-1,2
936,1,-0.78875,1.335,0.25,4,-0.7592,-0.71,-0.8075,1.278875,-0.775,1.3975
937,2,-0.58625,1.0075,0.25,4,-0.57735,-0.50375,-0.645,0.937,-0.525,1.0775
938,3,-0.4275,0.7725,0.25,4,-0.4424375,-0.38125,-0.55375,0.76485,-0.39,0.915
939,4,-0.31125,0.65,0.25,4,-0.3357125,-0.25125,-0.44875,0.676075,-0.2975,0.835
940,5,-0.20375,0.63,0.25,4,-0.2560125,-0.15625,-0.36625,0.62725,-0.21375,0.74
941,6,-0.17875,0.595,0.25,4,-0.1948125,-0.085,-0.28375,0.593425,-0.175,0.71
942,7,-0.17,0.61,0.25,4,-0.1469,-0.0225,-0.23375,0.57455,-0.2,0.7075
943,8,-0.10375,0.6,0.25,4,-0.1108125,0.00625,-0.2225,0.5697,-0.15125,0.6875
944,9,-0.07125,0.555,0.25,4,-0.0904625,0.045,-0.1925,0.562525,-0.14625,0.67
945,10,-0.05625,0.5425,0.25,4,-0.0685375,0.07625,-0.17,0.5599,-0.1125,0.69
946,0,-1,2,0.25,4,-1,-1,-1,2,-1,2
947,1,-0.8075,1.37,0.25,4,-0.7592,-0.71,-0.8075,1.278875,-0.775,1.3975
948,2,-0.6075,0.98,0.25,4,-0.57735,-0.50375,-0.645,0.937,-0.525,1.0775
949,3,-0.44375,0.8025,0.25,4,-0.4424375,-0.38125,-0.55375,0.76485,-0.39,0.915
950,4,-0.25125,0.6125,0.25,4,-0.3357125,-0.25125,-0.44875,0.676075,-0.2975,0.835
951,5,-0.215,0.6075,0.25,4,-0.2560125,-0.15625,-0.36625,0.62725,-0.21375,0.74
952,6,-0.23125,0.5625,0.25,4,-0.1948125,-0.085,-0.28375,0.593425,-0.175,0.71
953,7,-0.16375,0.58,0.25,4,-0.1469,-0.0225,-0.23375,0.57455,-0.2,0.7075
954,8,-0.15125,0.57,0.25,4,-0.1108125,0.00625,-0.2225,0.5697,-0.15125,0.6875
955,9,-0.10625,0.5375,0.25,4,-0.0904625,0.045,-0.1925,0.562525,-0.14625,0.67
956,10,-0.0675,0.5775,0.25,4,-0.0685375,0.07625,-0.17,0.5599,-0.1125,0.69
957,0,-1,2,0.25,4,-1,-1,-1,2,-1,2
958,1,-0.75125,1.2825,0.25,4,-0.7592,-0.71,-0.8075,1.278875,-0.775,1.3975
959,2,-0.62,1.06,0.25,4,-0.57735,-0.50375,-0.645,0.937,-0.525,1.0775
960,3,-0.4525,0.79,0.25,4,-0.4424375,-0.38125,-0.55375,0.76485,-0.39,0.915
961,4,-0.29,0.685,0.25,4,-0.3357125,-0.25125,-0.44875,0.676075,-0.2975,0.835
962,5,-0.2325,0.65,0.25,4,-0.2560125,-0.15625,-0.36625,0.62725,-0.21375,0.74
963,6,-0.1225,0.5275,0.25,4,-0.1948125,-0.085,-0.28375,0.593425,-0.175,0.71
964,7,-0.0225,0.57,0.25,4,-0.1469,-0.0225,-0.23375,0.57455,-0.2,0.7075
965,8,-0.0425,0.57,0.25,4,-0.1108125,0.00625,-0.2225,0.5697,-0.15125,0.6875
966,9,-0.025,0.5125,0.25,4,-0.0904625,0.045,-0.1925,0.562525,-0.14625,0.67
967,10,-0.06125,0.585,0.25,4,-0.0685375,0.07625,-0.17,0.5599,-0.1125,0.69
968,0,-1,2,0.25,4,-1,-1,-1,2,-1,2
969,1,-0.76125,1.3025,0.25,4,-0.7592,-0.71,-0.8075,1.278875,-0.775,1.3975
970,2,-0.55875,0.87,0.25,4,-0.57735,-0.50375,-0.645,0.937,-0.525,1.0775
971,3,-0.4375,0.6925,0.25,4,-0.4424375,-0.38125,-0.55375,0.76485,-0.39,0.915
972,4,-0.27125,0.6025,0.25,4,-0.3357125,-0.25125,-0.44875,0.676075,-0.2975,0.835
973,5,-0.20375,0.465,0.25,4,-0.2560125,-0.15625,-0.36625,0.62725,-0.21375,0.74
974,6,-0.13875,0.51,0.25,4,-0.1948125,-0.085,-0.28375,0.593425,-0.175,0.71
975,7,-0.175,0.5275,0.25,4,-0.1469,-0.0225,-0.23375,0.57455,-0.2,0.7075
976,8,-0.12375,0.5725,0.25,4,-0.1108125,0.00625,-0.2225,0.5697,-0.15125,0.6875
977,9,-0.1325,0.515,0.25,4,-0.0904625,0.045,-0.1925,0.562525,-0.14625,0.67
978,10,-0.1075,0.5375,0.25,4,-0.0685375,0.07625,-0.17,0.5599,-0.1125,0.69
979,0,-1,2,0.25,4,-1,-1,-1,2,-1,2
980,1,-0.7525,1.2975,0.25,4,-0.7592,-0.71,-0.8075,1.278875,-0.775,1.3975
981,2,-0.60125,0.965,0.25,4,-0.57735,-0.50375,-0.645,0.937,-0.525,1.0775
982,3,-0.42375,0.745,0.25,4,-0.4424375,-0.38125,-0.55375,0.76485,-0.39,0.915
983,4,-0.31625,0.655,0.25,4,-0.3357125,-0.25125,-0.44875,0.676075,-0.2975,0.835
984,5,-0.2625,0.625,0.25,4,-0.2560125,-0.15625,-0.36625,0.62725,-0.21375,0.74
985,6,-0.2175,0.555,0.25,4,-0.1948125,-0.085,-0.28375,0.593425,-0.175,0.71
986,7,-0.185,0.535,0.25,4,-0.1469,-0.0225,-0.23375,0.57455,-0.2,0.7075
987,8,-0.065,0.5125,0.25,4,-0.1108125,0.00625,-0.2225,0.5697,-0.15125,0.6875
988,9,-0.03875,0.565,0.25,4,-0.0904625,0.045,-0.1925,0.562525,-0.14625,0.67
989,10,-0.0625,0.54,0.25,4,-0.0685375,0.07625,-0.17,0.5599,-0.1125,0.69
990,0,-1,2,0.25,4,-1,-1,-1,2,-1,2
991,1,-0.74125,1.25,0.25,4,-0.7592,-0.71,-0.8075,1.278875,-0.775,1.3975
992,2,-0.55625,0.94,0.25,4,-0.57735,-0.50375,-0.645,0.937,-0.525,1.0775
993,3,-0.43625,0.795,0.25,4,-0.4424375,-0.38125,-0.55375,0.76485,-0.39,0.915
994,4,-0.35375,0.7975,0.25,4,-0.3357125,-0.25125,-0.44875,0.676075,-0.2975,0.835
995,5,-0.2025,0.6175,0.25,4,-0.2560125,-0.15625,-0.36625,0.62725,-0.21375,0.74
996,6,-0.12375,0.5775,0.25,4,-0.1948125,-0.085,-0.28375,0.593425,-0.175,0.71
997,7,-0.11375,0.57,0.25,4,-0.1469,-0.0225,-0.23375,0.57455,-0.2,0.7075
998,8,-0.06125,0.545,0.25,4,-0.1108125,0.00625,-0.2225,0.5697,-0.15125,0.6875
999,9,0.045,0.53,0.25,4,-0.0904625,0.045,-0.1925,0.562525,-0.14625,0.67
1000,10,0.025,0.5175,0.25,4,-0.0685375,0.07625,-0.17,0.5599,-0.1125,0.69
1001,0,-1,2,0.25,4,-1,-1,-1,2,-1,2
1002,1,-0.75,1.2325,0.25,4,-0.7592,-0.71,-0.8075,1.278875,-0.775,1.3975
1003,2,-0.55875,0.8875,0.25,4,-0.57735,-0.50375,-0.645,0.937,-0.525,1.0775
1004,3,-0.38875,0.7175,0.25,4,-0.4424375,-0.38125,-0.55375,0.76485,-0.39,0.915
1005,4,-0.34625,0.71,0.25,4,-0.3357125,-0.25125,-0.44875,0.676075,-0.2975,0.835
1006,5,-0.29625,0.73,0.25,4,-0.2560125,-0.15625,-0.36625,0.62725,-0.21375,0.74
1007,6,-0.24875,0.6975,0.25,4,-0.1948125,-0.085,-0.28375,0.593425,-0.175,0.71
1008,7,-0.17625,0.6075,0.25,4,-0.1469,-0.0225,-0.23375,0.57455,-0.2,0.7075
1009,8,-0.11125,0.535,0.25,4,-0.1108125,0.00625,-0.2225,0.5697,-0.15125,0.6875
1010,9,-0.1275,0.5625,0.25,4,-0.0904625,0.045,-0.1925,0.562525,-0.14625,0.67
1011,10,-0.125,0.545,0.25,4,-0.0685375,0.07625,-0.17,0.5599,-0.1125,0.69
1012,0,-1,2,0.25,4,-1,-1,-1,2,-1,2
1013,1,-0.7325,1.2525,0.25,4,-0.7592,-0.71,-0.8075,1.278875,-0.775,1.3975
1014,2,-0.555,0.88,0.25,4,-0.57735,-0.50375,-0.645,0.937,-0.525,1.0775
1015,3,-0.40625,0.715,0.25,4,-0.4424375,-0.38125,-0.55375,0.76485,-0.39,0.915
1016,4,-0.28375,0.625,0.25,4,-0.3357125,-0.25125,-0.44875,0.676075,-0.2975,0.835
1017,5,-0.19875,0.57,0.25,4,-0.2560125,-0.15625,-0.36625,0.62725,-0.21375,0.74
1018,6,-0.17625,0.595,0.25,4,-0.1948125,-0.085,-0.28375,0.593425,-0.175,0.71
1019,7,-0.1075,0.6175,0.25,4,-0.1469,-0.0225,-0.23375,0.57455,-0.2,0.7075
1020,8,-0.13,0.6875,0.25,4,-0.1108125,0.00625,-0.2225,0.5697,-0.15125,0.6875
1021,9,-0.09625,0.6325,0.25,4,-0.0904625,0.045,-0.1925,0.562525,-0.14625,0.67
1022,10,-0.0825,0.56,0.25,4,-0.0685375,0.07625,-0.17,0.5599,-0.1125,0.69
1023,0,-1,2,0.25,4,-1,-1,-1,2,-1,2
1024,1,-0.77125,1.31,0.25,4,-0.7592,-0.71,-0.8075,1.278875,-0.775,1.3975
1025,2,-0.61,1.02,0.25,4,-0.57735,-0.50375,-0.645,0.937,-0.525,1.0775
1026,3,-0.495,0.7775,0.25,4,-0.4424375,-0.38125,-0.55375,0.76485,-0.39,0.915
1027,4,-0.39875,0.7175,0.25,4,-0.3357125,-0.25125,-0.44875,0.676075,-0.2975,0.835
1028,5,-0.34125,0.66,0.25,4,-0.2560125,-0.15625,-0.36625,0.62725,-0.21375,0.74
1029,6,-0.26375,0.62,0.25,4,-0.1948125,-0.085,-0.28375,0.593425,-0.175,0.71
1030,7,-0.23125,0.5375,0.25,4,-0.1469,-0.0225,-0.23375,0.57455,-0.2,0.7075
1031,8,-0.1225,0.4875,0.25,4,-0.1108125,0.00625,-0.2225,0.5697,-0.15125,0.6875
1032,9,-0.0975,0.575,0.25,4,-0.0904625,0.045,-0.1925,0.562525,-0.14625,0.67
1033,10,-0.08625,0.5975,0.25,4,-0.0685375,0.07625,-0.17,0.5599,-0.1125,0.69
1034,0,-1,2,0.25,4,-1,-1,-1,2,-1,2
1035,1,-0.77,1.2825,0.25,4,-0.7592,-0.71,-0.8075,1.278875,-0.775,1.3975
1036,2,-0.55375,0.885,0.25,4,-0.57735,-0.50375,-0.645,0.937,-0.525,1.0775
1037,3,-0.42125,0.77,0.25,4,-0.4424375,-0.38125,-0.55375,0.76485,-0.39,0.915
1038,4,-0.315,0.675,0.25,4,-0.3357125,-0.25125,-0.44875,0.676075,-0.2975,0.835
1039,5,-0.24625,0.5725,0.25,4,-0.2560125,-0.15625,-0.36625,0.62725,-0.21375,0.74
1040,6,-0.17875,0.5625,0.25,4,-0.1948125,-0.085,-0.28375,0.593425,-0.175,0.71
1041,7,-0.12,0.6125,0.25,4,-0.1469,-0.0225,-0.23375,0.57455,-0.2,0.7075
1042,8,-0.1175,0.595,0.25,4,-0.1108125,0.00625,-0.2225,0.5697,-0.15125,0.6875
1043,9,-0.0475,0.6025,0.25,4,-0.0904625,0.045,-0.1925,0.562525,-0.14625,0.67
1044,10,-0.01,0.635,0.25,4,-0.0685375,0.07625,-0.17,0.5599,-0.1125,0.69
1045,0,-1,2,0.25,4,-1,-1,-1,2,-1,2
1046,1,-0.7525,1.2475,0.25,4,-0.7592,-0.71,-0.8075,1.278875,-0.775,1.3975
1047,2,-0.605,0.98,0.25,4,-0.57735,-0.50375,-0.645,0.937,-0.525,1.0775
1048,3,-0.45625,0.76,0.25,4,-0.4424375,-0.38125,-0.55375,0.76485,-0.39,0.915
1049,4,-0.2825,0.635,0.25,4,-0.3357125,-0.25125,-0.44875,0.676075,-0.2975,0.835
1050,5,-0.22375,0.6225,0.25,4,-0.2560125,-0.15625,-0.36625,0.62725,-0.21375,0.74
1051,6,-0.24625,0.61,0.25,4,-0.1948125,-0.085,-0.28375,0.593425,-0.175,0.71
1052,7,-0.16875,0.6575,0.25,4,-0.1469,-0.0225,-0.23375,0.57455,-0.2,0.7075
1053,8,-0.1175,0.62,0.25,4,-0.1108125,0.00625,-0.2225,0.5697,-0.15125,0.6875
1054,9,-0.05125,0.5275,0.25,4,-0.0904625,0.045,-0.1925,0.562525,-0.14625,0.67
1055,10,-0.105,0.56,0.25,4,-0.0685375,0.07625,-0.17,0.5599,-0.1125,0.69
1056,0,-1,2,0.25,4,-1,-1,-1,2,-1,2
1057,1,-0.7675,1.3275,0.25,4,-0.7592,-0.71,-0.8075,1.278875,-0.775,1.3975
1058,2,-0.595,0.9025,0.25,4,-0.57735,-0.50375,-0.645,0.937,-0.525,1.0775
1059,3,-0.51125,0.8825,0.25,4,-0.4424375,-0.38125,-0.55375,0.76485,-0.39,0.915
1060,4,-0.42625,0.715,0.25,4,-0.3357125,-0.25125,-0.44875,0.676075,-0.2975,0.835
1061,5,-0.31,0.5975,0.25,4,-0.2560125,-0.15625,-0.36625,0.62725,-0.21375,0.74
1062,6,-0.245,0.62,0.25,4,-0.1948125,-0.085,-0.28375,0.593425,-0.175,0.71
1063,7,-0.21125,0.575,0.25,4,-0.1469,-0.0225,-0.23375,0.57455,-0.2,0.7075
1064,8,-0.175,0.5925,0.25,4,-0.1108125,0.00625,-0.2225,0.5697,-0.15125,0.6875
1065,9,-0.0975,0.5425,0.25,4,-0.0904625,0.045,-0.1925,0.562525,-0.14625,0.67
1066,10,-0.08625,0.5475,0.25,4,-0.0685375,0.07625,-0.17,0.5599,-0.1125,0.69
1067,0,-1,2,0.25,4,-1,-1,-1,2,-1,2
1068,1,-0.75,1.26,0.25,4,-0.7592,-0.71,-0.8075,1.278875,-0.775,1.3975
1069,2,-0.56125,0.8875,0.25,4,-0.57735,-0.50375,-0.645,0.937,-0.525,1.0775
1070,3,-0.41,0.8475,0.25,4,-0.4424375,-0.38125,-0.55375,0.76485,-0.39,0.915
1071,4,-0.33,0.655,0.25,4,-0.3357125,-0.25125,-0.44875,0.676075,-0.2975,0.835
1072,5,-0.2175,0.59,0.25,4,-0.2560125,-0.15625,-0.36625,0.62725,-0.21375,0.74
1073,6,-0.08625,0.4975,0.25,4,-0.1948125,-0.085,-0.28375,0.593425,-0.175,0.71
1074,7,-0.0725,0.6275,0.25,4,-0.1469,-0.0225,-0.23375,0.57455,-0.2,0.7075
1075,8,-0.08875,0.595,0.25,4,-0.1108125,0.00625,-0.2225,0.5697,-0.15125,0.6875
1076,9,-0.0925,0.58,0.25,4,-0.0904625,0.045,-0.1925,0.562525,-0.14625,0.67
1077,10,-0.02625,0.5775,0.25,4,-0.0685375,0.07625,-0.17,0.5599,-0.1125,0.69
1078,0,-1,2,0.25,4,-1,-1,-1,2,-1,2
1079,1,-0.7325,1.2325,0.25,4,-0.7592,-0.71,-0.8075,1.278875,-0.775,1.3975
1080,2,-0.5625,0.9275,0.25,4,-0.57735,-0.50375,-0.645,0.937,-0.525,1.0775
1081,3,-0.43625,0.6725,0.25,4,-0.4424375,-0.38125,-0.55375,0.76485,-0.39,0.915
1082,4,-0.3325,0.675,0.25,4,-0.3357125,-0.25125,-0.44875,0.676075,-0.2975,0.835
1083,5,-0.2775,0.6625,0.25,4,-0.2560125,-0.15625,-0.36625,0.62725,-0.21375,0.74
1084,6,-0.2275,0.665,0.25,4,-0.1948125,-0.085,-0.28375,0.593425,-0.175,0.71
1085,7,-0.1425,0.615,0.25,4,-0.1469,-0.0225,-0.23375,0.57455,-0.2,0.7075
1086,8,-0.12625,0.6825,0.25,4,-0.1108125,0.00625,-0.2225,0.5697,-0.15125,0.6875
1087,9,-0.0825,0.57,0.25,4,-0.0904625,0.045,-0.1925,0.562525,-0.14625,0.67
1088,10,-0.09125,0.5325,0.25,4,-0.0685375,0.07625,-0.17,0.5599,-0.1125,0.69
1089,0,-1,2,0.25,4,-1,-1,-1,2,-1,2
1090,1,-0.775,1.29,0.25,4,-0.7592,-0.71,-0.8075,1.278875,-0.775,1.3975
1091,2,-0.525,0.84,0.25,4,-0.57735,-0.50375,-0.645,0.937,-0.525,1.0775
1092,3,-0.39,0.6725,0.25,4,-0.4424375,-0.38125,-0.55375,0.76485,-0.39,0.915
1093,4,-0.2975,0.7075,0.25,4,-0.3357125,-0.25125,-0.44875,0.676075,-0.2975,0.835
1094,5,-0.21375,0.66,0.25,4,-0.2560125,-0.15625,-0.36625,0.62725,-0.21375,0.74
1095,6,-0.175,0.5525,0.25,4,-0.1948125,-0.085,-0.28375,0.593425,-0.175,0.71
1096,7,-0.2,0.6025,0.25,4,-0.1469,-0.0225,-0.23375,0.57455,-0.2,0.7075
1097,8,-0.15125,0.6275,0.25,4,-0.1108125,0.00625,-0.2225,0.5697,-0.15125,0.6875
1098,9,-0.14625,0.6275,0.25,4,-0.0904625,0.045,-0.1925,0.562525,-0.14625,0.67
1099,10,-0.1125,0.6175,0.25,4,-0.0685375,0.07625,-0.17,0.5599,-0.1125,0.69
